4bdbF7dc-6ead-4a9a-b9fe-103d60608363,C# 9.0 in a Nutshell,1,2022,41,1,978-1098100964
b579b84f-7294-4419-b60f-d14d7c137fce,Little Girl (La pivellina),1,2004,50,1,166118634-3
4bdb67dc-6ead-4a9a-b9fe-103d60608363,Flower Drum Song,2,1985,78,0,969920385-4
383f5d39-764c-45c2-ba00-49d5ffbad806,Shadow of the Holy Book (Pyhän kirjan varjo),3,1993,69,1,294682213-3
adf66c06-0f74-447f-84d2-107f7fa07a42,Critical Condition,4,1992,23,0,831317779-9
be72b837-8835-4434-9859-1f0495bb4f5f,River Wild. The,5,1993,96,1,978656977-6
80756613-b5b3-4151-b69f-c4d33e152404,9 1/2 Weeks (Nine 1/2 Weeks),6,1994,81,0,050336927-6
87878b25-ac0a-48b2-bcbc-e82d716ca8a4,Far Cry,7,2003,11,1,833302749-0
37f26fa6-f191-45a4-9d63-900d40e0c6ed,Castle in the Desert (Charlie Chan in Castle in the Desert),8,2000,25,0,888357894-5
ce9c9b81-2b02-4f11-be70-e08ed04afbcf,Stepford Wives. The,9,2010,56,1,021391135-3
0c536162-10ce-48b7-9058-24dc070ead93,Dynamite Girl (Dynamiittityttö),10,2000,29,0,055890471-8
19972302-e0e7-4b29-89e9-31fce62dc164,Desperate Hours,11,2011,51,1,835375481-9
c7ae13f7-f556-4a15-bf58-1fa541f6a41f,Dear Me,12,2006,94,0,337590816-4
f4fafe2b-f558-4b52-818d-591ff0f5c26a,Winslow Boy. The,13,2006,83,1,509863034-7
621eedb1-81f7-4d75-9fa5-076e0bd65ff7,Suspect,14,1994,69,0,073538130-5
26663e84-2066-4695-b6a1-c23f15a63458,Straight from the Heart,0,2005,13,1,993912768-5
e443b3a0-8590-46fb-a355-c1404e6e2530,Sinister,1,2006,93,0,043933009-2
f5edcea0-fbc4-43d4-9af8-30a2a44197f4,Steve Jobs: The Lost Interview,2,2001,9,1,367340501-2
9256f68f-061a-43cc-85de-d97080c8983f,Short Circuit 2,3,2013,22,0,813190263-3
95a35e3a-2397-4b77-8319-b64bb990413d,Stick,4,1995,96,1,491238717-7
11bfc504-720b-4a7c-a07c-896dae1920fe,Girlhood,5,2004,27,0,918735499-3
ab8e5876-cf82-495c-ac8d-92ec9a0fcb53,My Name is Juani (Yo soy la Juani),6,2008,69,1,441419159-9
89b3f845-0292-4791-831b-f623177dfb03,The Nativity,7,2000,76,0,401337485-4
7ca49834-d4cc-4cfb-ac9a-179668aceb0f,It Follows,8,2004,65,1,729586068-1
4c3cd722-9a3f-4388-b94e-94a7d5bd0247,Raven. The,9,2000,29,0,154987265-6
dd839038-2a2a-4a8b-9601-9162ec5e2299,Treeless Mountain,10,2008,22,1,349178006-3
5be3abf4-9b49-4b42-a330-8c0711002062,Voodoo Tiger,11,2012,75,0,454991625-7
7d1e01e4-0e3b-45a7-b60d-b55244070521,Carol for Another Christmas,12,1999,16,1,285693051-4
77b1e2a5-35ca-4dc2-92dc-2f690ddbf82c,Thawing Out (La fonte des neiges) ,13,1994,99,0,651080534-0
8bac8134-0f58-4542-80ba-2feef215dc8a,Annie Get Your Gun,14,1985,77,1,985719466-4
e40467c0-d718-4127-bdee-e9e0daea01d9,Goemon,0,2006,17,0,539105534-2
df0ea970-7759-4277-83b8-ede5ae1d19ad,Boy. Did I Get a Wrong Number!,1,2008,61,1,013997173-4
92b90fe5-ebd7-4bc1-92c1-f8b76b6dc981,Children of the Decree (Das Experiment 770 - Gebären auf Befehl),2,2010,96,0,492696158-X
fa7b4cee-d870-4270-a586-ea11681e8131,Best Laid Plans,3,2008,39,1,387309925-X
b4eb6451-03e2-4785-92db-f8b53f61b043,First Case. Second Case (Ghazieh-e Shekl-e Aval. Ghazieh-e Shekl-e Dou Wom),4,1994,54,0,068699257-1
f78f91b2-f352-438f-b6c1-1e7ee869cf7c,Foo Fighters: Back and Forth,5,2002,95,1,428881454-5
1d54df2b-1f27-4fa6-80a9-d8052d294efd,GLOW: The Story of the Gorgeous Ladies of Wrestling,6,1988,36,0,123091385-8
6bdfc3dc-505e-4bfb-9a11-d8245f919d41,Howling IV: The Original Nightmare,7,1999,76,1,690732082-7
cec363b8-5bd7-4d13-81a6-fd681de79107,Alien Abduction,8,2009,99,0,478361153-X
6719d3c9-11ee-4614-bb21-d39c3967a0d3,Angels in the Outfield,9,1992,73,1,394372389-5
e9b82c06-6484-43e3-81f0-824d7c0ecd86,Music From Another Room,10,2011,61,0,560589408-0
e96060f7-8673-415e-9c5e-c0ce6d20d281,Stroker Ace,11,1992,52,1,746675857-6
cda1cc3d-ff8d-4e20-96a6-aac26cdafe43,Cradle of Fear,12,2004,10,0,729668561-1
7bb900ef-b2f3-4d78-86ca-d3b35a07dbf5,All Over Me,13,2006,63,1,131202032-6
c1ff46ac-6008-48ce-b17f-f7e86bdacde2,Purple Rose of Cairo. The,14,2009,68,0,911423421-1
ba44dc0d-d9f6-47a9-8dec-bdfa3ba2abc8,Babylon,0,2012,76,1,869118424-8
53d13f75-c13c-468a-a2aa-548d4d2ae118,Elmer Gantry,1,2006,20,0,134838655-X
161c364c-7657-4b2e-b2d3-eec660cff62a,Chronicles of Riddick. The,2,2010,68,1,313205497-6
b4480e15-a7c1-41d0-889a-cb860966bbdc,Gods and Generals,3,1997,24,0,284309542-5
6ee0ecca-399f-489c-ab83-423334e4d03c,Babette Goes to War,4,2003,44,1,092282994-2
2f6fe725-aee5-47e3-9bf7-5ebfd28fd72f,Drei Stunden,5,2002,21,0,265260921-1
4941ffee-a2b8-483e-bfc4-f2a4aceabeb0,Yesterday's Enemy,6,2004,8,1,093623189-0
aea8f583-7ff9-4a17-9824-5f67fb5e4605,Gate of Flesh (Nikutai no mon),7,1992,74,0,312777780-9
a20d42ba-ad39-4403-8ef3-75103e491d10,The Hunchback of Paris,8,1993,82,1,709927888-6
05a54480-ebfc-4c6f-85ba-0f3f5dd26dd8,Alex and Emma,9,2010,44,0,074607339-9
5654f406-2574-47a2-b47a-dac9aac50605,Romeo and Juliet,10,2002,49,1,864939570-8
897939c5-203e-4e6b-9dd5-8b9602208afe,Shut Up and Play the Hits,11,1968,75,0,149053027-4
72e8fe9e-49ca-4676-95a6-e934a91cac29,Bridesmaid. The (Demoiselle d'honneur. La),12,1998,52,1,737441476-5
0682d919-a7ab-4401-9106-ed27765e0db6,Rembrandt's J'accuse,13,2006,95,0,076861368-X
792213ff-99b1-4519-93ef-0416a417f981,Walkabout,14,1997,77,1,052063509-4
fcf80f08-cc0a-4b83-a3ba-edf9eeb035d5,Vendetta,0,1985,74,0,459737542-2
2ab3a569-73ce-4dde-a8f5-7144132013cd,Doing Time on Maple Drive,1,2003,4,1,497095462-3
a380c54a-c9b3-494e-a508-bc242376835a,Indian Summer (a.k.a. The Professor) (La prima notte di quiete),2,1988,76,0,872824355-2
aa062d1b-21f6-4643-b94e-e6a7ab3a74e7,Teddy Bear (Mis),3,1996,50,1,902706832-1
560f1e56-cda6-4d73-95db-7d5af66976ac,Mr Hublot,4,1998,43,0,592555082-X
e3273abc-e169-4857-97f3-ea510f7c02cc,Kwaidan (Kaidan),5,1992,14,1,667244611-7
40dde6af-3ee2-4cec-9515-ed928d58c346,Gung Ho! (Gung Ho!: The Story of Carlson's Makin Island Raiders),6,1999,31,0,979451669-4
67922591-9945-4430-927d-8ec34d843fee,What Happens in Vegas...,7,1992,36,1,418165107-X
74b5dfef-b9d5-425d-bf9c-b10862ddb4ed,Single Shot. A,8,2004,75,0,570591254-4
456e067c-a86f-441a-9fd0-aa67fa9b173f,Lucky Break,9,1993,44,1,186972612-X
093dc345-56ed-4b48-a8bb-5753cc6fdd9e,Tis kakomoiras,10,1995,13,0,109938075-8
5b61847f-c0d4-4399-90ec-cdb634153871,Ai Weiwei: Never Sorry,11,2013,15,1,309631843-3
7e4bbd3c-9831-4a4e-8c00-6ba1a090dcf6,Adrift (À Deriva),12,2006,45,0,133386688-7
d831c1ce-4eaa-4ef9-8df7-bbf37b8c0466,Harvard Beats Yale 29-29,13,2011,100,1,834637148-9
10a1ffa3-013c-47c0-adce-1f9e938b0e30,Fantastic Planet. The (Planète sauvage. La),14,1994,89,0,359208980-3
59d9b05a-782b-4e94-a3ff-1bb6af4f0c71,Zuzu Angel,0,2001,52,1,025205425-3
1d1118b8-e5fa-4e4a-a8f2-b83314947cc1,AmeriQua,1,2003,98,0,692945701-9
e2d969e9-25d2-4d44-844a-46e13e25eb92,Notes on a Scandal,2,2009,64,1,754352088-5
3cab1023-c76a-45da-82b9-3655337be594,Destiny (a.k.a. Between Two Worlds) (Der müde Tod),3,2010,53,0,917810314-2
54df09ee-6211-4f70-94ad-6c9ee6ea6fdf,Babylon XX,4,1998,100,1,183442705-3
74a6c4ae-7b44-4d9b-a17d-e12c58e6bcd8,Alien Nation: Millennium,5,2009,2,0,501627195-X
653cb903-8660-4d12-975c-13be75365f37,Maiden's Cheek (To xylo vgike apo ton Paradeiso),6,1992,34,1,287980142-7
00e066b7-10e7-46e0-8539-aacdb35d412f,Intruders,7,2011,50,0,058951307-9
20f6ffb4-a3a7-4261-b33a-6c4da477b0ac,Chaser. The (Chugyeogja),8,2008,84,1,844190416-2
006b7334-164c-47c8-ba44-6b60ecf6192f,Split. The,9,2009,71,0,844489349-8
dbeb763d-a3f4-43ce-b7ca-187f3d31ae9a,Era of Vampires. The,10,2009,80,1,786302222-3
8be29514-0452-4aee-a4da-e74de178a1ee,Murphy's Law,11,1998,53,0,806156633-8
fb8df363-8020-4128-ac9b-a261777609c1,Extraordinary Measures,12,2010,11,1,685137749-7
5c881db1-20bb-4982-a7ea-dc8516920906,In the Year of the Pig,13,1992,54,0,389891127-6
e495cd30-50ec-4379-afd8-11dd34d30745,Broken Sky (El cielo dividido),14,1997,90,1,772181027-2
cdb655df-a528-4170-9d8b-1a78afa5e573,Stand-In,0,2005,75,0,928031393-2
6b663829-eb85-414d-bf01-cc442f445264,Eila. Rampe and Likka,1,1970,78,1,772646245-0
4fafea22-c24f-464a-8e2b-41c4902c3d51,Inhuman Resources (Redd Inc.),2,1970,72,0,250362257-7
2e5d4f1d-4b7f-47af-9210-6d59e34ac3f5,Daredevil,3,2004,20,1,130119310-0
1b15dafd-4ce9-4797-ad48-4342f04a341e,Boys Love,4,1986,56,0,942020220-8
2db7268d-56fa-48e1-8a55-cb40f706bf9b,That's What I Am,5,1997,98,1,385608349-9
7584c97b-d702-4db1-ae1c-b15d14a5e7d4,Mexican Hayride,6,2006,98,0,453023011-2
f528ad0f-de2a-45ba-82db-dbb463a21ecf,Elstree Calling,7,1989,76,1,385079932-8
4fb63107-da06-4d10-8655-d4099925de90,Love and Other Catastrophes,8,1984,37,0,442457082-7
f94e7367-cb99-4d31-ac60-8a8e7242f2db,Good Morning. Miss Dove,9,1996,98,1,513627880-3
70ef3a77-1fc0-45a9-a007-94084f2403c4,Israeli Intelligence (Hamosad Hasagur),10,1960,83,0,846461187-0
5d6c6d94-9342-4ec9-bcf1-c3a142d94c85,Familia,11,2002,32,1,448106401-3
4b56cd0e-b0bb-413e-a8c0-a67c6cf7ef1f,Jackboots on Whitehall,12,2002,92,0,257463724-0
d0d1ead0-cc71-4045-852c-3f5ffcc27b74,Immortals,13,2012,25,1,385503632-2
97fb818b-6c89-4856-8500-f2beef6b0de1,Advertising and the End of the World,14,2009,48,0,443122559-5
7638c5e5-c1c4-426c-9e17-0d3610194624,Seven Years in Tibet,0,1991,40,1,538467088-6
465f8a89-1608-47cf-b3d0-e53d1b699e8a,Yankee Doodle Dandy,1,2000,3,0,640673954-X
88f7d7bf-ba00-4baa-8073-128d990d73ef,Your Friends and Neighbors,2,1992,40,1,118210693-5
4bd5bb58-d4a2-45b8-af1b-29e63260d6e9,Outskirts (Okraina),3,1968,19,0,183622927-5
9f949e0a-6f61-44e6-aa5e-306c8dd98c38,They Live by Night,4,2006,76,1,558897437-9
bdb8399d-3d13-4001-b218-591034cd7912,Posse,5,1999,91,0,394878030-7
f4bb710e-6ab4-42a5-99b0-fd2b97fe1900,Syrinx,6,2010,16,1,476244771-4
63828545-4fda-43cf-b8e6-e3d23fdf996a,Dabangg 2,7,1998,89,0,417897556-0
80114622-715c-404c-ba66-49114a77fe97,The Devil Thumbs a Ride,8,1997,58,1,950696746-6
d65d27a1-220f-4a7e-99e7-8d86298f63d8,Megacities,9,1992,71,0,468971922-5
451bf1ce-63ea-4505-8366-07184f460587,Much Ado About Something,10,2003,13,1,123762886-5
98c82cc2-2a45-48fd-bdcc-1d93cd3330a3,No Way to Treat a Lady,11,2008,14,0,576184623-3
7e77ee23-7cca-41d6-9a6d-cd0bea4f6eb5,Masks (Masques),12,2012,55,1,359491178-0
9dd416e8-715e-4603-bba7-2a67166f53eb,Decision Before Dawn,13,1996,52,0,734883394-2
07197013-60ba-4006-8b72-e0cf0eb26712,No Man's Land,14,1999,83,1,794489779-3
f775803f-193c-48cf-8ab5-742e5227d047,Love and Lemons (Små citroner gula),0,1993,46,0,159344724-8
b4118a44-b066-405d-ae54-71d8870ca929,Uncommon Valor,1,2011,27,1,255966850-5
24a80ff4-aa74-4489-94c2-24e2ce798510,Tales of Vesperia: The First Strike (Teiruzu obu vesuperia: The first strike),2,2012,22,0,953934580-4
8251898a-e74b-478c-b635-bd6cebcb320c,Beasts of the Southern Wild,3,1992,68,1,835107754-2
958b699c-09cf-45a5-b3b7-2ce072ba5aed,8MM 2,4,2012,17,0,996324070-4
865a8627-8057-4b76-a17e-59c4d28ab4a4,Herbie Goes to Monte Carlo,5,2000,99,1,393987886-3
91cb8f69-ae71-42b7-bd46-8e43124ac681,Dragon Ball Z: Bojack Unbound (Doragon bôru Z 9: Ginga girigiri!! Butchigiri no sugoi yatsu),6,2003,88,0,032298242-1
d862b4c9-5c07-40d0-8038-a8b68b8d533a,Alive,7,1993,56,1,225920520-8
5dcd0c3e-673c-4098-adc1-42f593f88670,I Am,8,1974,13,0,848878219-5
6e284c94-a48c-469a-bd6a-d0e6f558e86b,Decoy Bride. The,9,1999,24,1,596344517-5
d0baf860-e31a-40bf-b566-0cf6a2a2c93e,Two Men in Manhattan (Deux hommes dans Manhattan),10,1998,41,0,163624874-8
136d0e24-9483-48d0-8da5-97724d25b8bf,Eyes of the Mothman,11,1995,77,1,028800869-3
a40de08a-4d03-4846-9371-0bce38c1fe3a,Deliver Us from Evil,12,1997,41,0,514466173-4
3d0f0b84-4b3a-4487-b863-1d6ff0abd9a5,Lion of the Desert,13,2000,71,1,302186914-9
b84e1bcb-fffb-4e59-9cc0-e98b93188eed,Ogre. The (Unhold. Der),14,1999,53,0,852392684-4
f0985f73-82bd-4e3b-89ae-94591e306a17,Love God?. The,0,1987,2,1,387835327-8
484fdd37-1ca8-47cb-ac74-26c2924c94b6,Desirée,1,2001,44,0,926435581-2
e4149b95-0378-485d-8fc4-f66d8188178a,5th Day of Peace (Dio è con noi),2,1998,36,1,351741357-7
0c90e866-2409-488d-bfcb-33f2db891f22,U-571,3,1999,73,0,782751201-1
8cf18dc2-cb1d-4e47-9bb3-f06b7ad9c289,Pinocchio,4,1996,9,1,912344677-3
e105bf9f-352c-4117-bb5c-439b4c419e03,Rise of Catherine the Great. The,5,2011,74,0,957671586-5
25d26546-147a-459d-9bac-00d1d1341462,Stray Dog (Nora inu),6,2011,79,1,785399204-1
4870fca7-cbeb-47f4-9e67-5e1d53761528,And the Band Played On,7,2004,57,0,049101538-0
ce4c7a28-f541-4a6d-8553-2a793b263a67,Road to Morocco,8,1993,47,1,998926875-4
52f1df7e-563d-4312-9267-e037193a1e38,Jesus of Montreal (Jésus de Montréal),9,1985,81,0,027425729-7
d3cd69ca-d42d-4b77-9d30-68d17a8be611,Gun in Betty Lou's Handbag. The,10,1999,76,1,601076678-8
a5f3998b-a3be-410d-99f5-ca94b052b41a,Quicksand,11,2005,51,0,788899915-8
5593e612-166c-44aa-ba3c-557ec841989b,Jump Tomorrow,12,2002,73,1,255492145-8
32fbcad2-6bb1-4920-b5c0-88b021c9d98f,Hello Herman,13,2009,11,0,468690257-6
11208c53-7849-4101-a94b-792405cff1cb,First Kid,14,2008,9,1,548729641-3
13e93a6e-3227-4293-9871-2b9500c1e8f9,Murders in the Rue Morgue,0,1988,94,0,868197617-6
e07c67e2-7c42-42bc-ac82-cb3d6d7eb105,We Have a Pope (Habemus Papam),1,1989,82,1,577372936-9
4b606c8f-d43f-4e9b-ab75-72db5e87be7e,Ali G Indahouse,2,2008,97,0,373391628-X
c7c9fe9d-2818-4293-870b-7dc16186a46b,Amanece. que no es poco,3,2012,54,1,177083834-1
456336d0-63c3-4e3c-823d-6c33914aeb94,In the Mood For Love (Fa yeung nin wa),4,2008,41,0,933184063-2
2bf27897-fe68-4ce2-a6f3-d1e33cdf6954,Captains of the Clouds,5,2004,43,1,886811191-8
528dab3d-4ed8-4e9f-ae3e-e93d0574d651,Up in Arms,6,2008,20,0,137731060-4
d2ce471a-d64c-4fe9-9ef3-c9f6d0488f16,I Was Monty's Double,7,1986,62,1,963090704-6
76730646-59af-4926-b475-532023f8bd46,Getting It Right,8,2010,55,0,353172900-4
f70cab60-576f-4305-9c1c-8da67818d1a2,Satin Rouge,9,2009,36,1,984088184-1
c6281de4-4897-4084-82e4-686bf1dfffe2,H.H. Holmes: America's First Serial Killer,10,1988,39,0,519796920-2
4c2fdd0f-ef3b-4d75-96e6-8f207675467a,Angel,11,2007,53,1,940416192-6
2643a5a6-9148-43b2-97f7-9155d2a03123,Red Hook Summer,12,1988,85,0,830536157-8
e2a2e5fb-785f-42ee-acc9-d2a43e512e5f,Spellbound,13,1993,50,1,516528737-8
90375566-3dea-4747-8588-78b56f8424cf,Why Worry?,14,2010,76,0,165067278-0
2f8a935a-cb22-4a6d-9851-499aa9507dc2,Resurrecting the Champ,0,1999,68,1,142297780-3
39c51439-955b-44a8-b600-c17f081d4bc8,Flash of Genius,1,2004,25,0,073931171-9
e2e81502-9a18-4b85-af0e-4f229313a782,America 3000,2,2000,37,1,530276510-1
7378f0d2-4a5c-45d8-9d2c-8410ee3aa205,Harriet the Spy,3,2001,46,0,448321852-2
d2dbd92d-0d13-4738-b76c-23f8d53626fd,Old Dark House. The,4,1995,87,1,483942274-5
9f2bcb24-0e94-43b7-8d72-e740e965c4ec,April Fool's Day,5,2003,88,0,905496226-7
d2be970e-c38e-4665-bf3a-f1bd2faf22ab,Iceberg. L',6,1996,30,1,915653800-6
0f0c9115-56fa-4f82-b69e-de6981be5a32,Outrage (Autoreiji),7,1988,25,0,303271556-3
2857469a-4089-4a1c-bd9e-1df64ca3ff40,Eddie Izzard: Dress to Kill,8,2001,89,1,214651886-3
7d4eede7-6c8d-4696-972b-2314cd2fb272,Tell No One (Ne le dis à personne),9,1990,45,0,338741425-0
b70bdebf-1b41-4b3e-b14d-d4f536a6bacc,Another Woman,10,2003,18,1,349224351-7
220ad3d9-158d-4ec7-a815-97e90e38795d,Great Sinner. The,11,2012,65,0,866672887-6
e454781c-f7a6-4a37-90cd-4070369f3d46,No Way to Treat a Lady,12,2011,12,1,384292141-1
1d8e043e-19a7-41f6-afe8-b26012a358dc,Wallace & Gromit: A Close Shave,13,1997,7,0,425850244-8
39fa0bf8-6089-429b-a78d-eee52fcb97df,Bashu. the Little Stranger (Bashu. gharibeye koochak),14,1999,15,1,266748814-8
f532db27-28fc-4ffe-b820-47ddddf2b325,Problem Child 2,0,2009,35,0,165304135-8
6b118e92-79f4-47d5-8ece-1f9d4317efbb,Blonde Ambition,1,1995,60,1,118694175-8
00dd680e-95a4-4e59-bbc7-b989c0852a23,Big Broadcast of 1938. The,2,1993,61,0,920317706-X
ea213838-3f39-4661-bb61-c2a3ad7d6f0b,Valet. The (La doublure),3,1962,68,1,369939049-7
73b4e285-5b12-49e6-acdc-0554bc85d93a,Hardcore,4,2010,24,0,754093221-X
8d4493af-305c-4bdf-a707-570d7f7c88c5,Manhattan,5,1985,43,1,616509042-7
affefeb6-8c8e-46b7-bb62-fb2769138773,Nas: Time Is Illmatic,6,2003,97,0,482426857-5
d297b5fb-f053-4543-8c16-9d42d8f5f9b3,These Amazing Shadows,7,2000,66,1,535674046-8
d1e5474d-3ee4-4f00-9f61-1e735c788ee4,Winter's Bone,8,2002,78,0,772834303-3
87f5bcc8-31f6-41c7-9105-fd100ca778cb,Day in the Country. A (Partie de campagne),9,1993,12,1,520469188-X
843edd4e-1d1d-40a3-b948-46892715d182,Phenomena (a.k.a. Creepers),10,2002,79,0,232729641-2
898cd88b-3d38-407b-ba03-7e5a3ab1eb7a,25 Watts,11,2004,36,1,603934935-2
39160324-b2f0-426e-85d9-1a00cb351e82,Tough Enough (Knallhart),12,1989,5,0,631607724-6
112444fa-71bc-4407-97a3-47733a8613f4,Judgment in Berlin,13,1995,33,1,418741348-0
79bed9a6-4d82-4146-90e7-e46dcf0ec243,One Night with the King,14,1992,44,0,381298316-8
11720a7b-de57-41e5-901f-5276a8c5a70a,Verdict. The,0,2012,25,1,380449722-5
30f01729-5404-4e3e-8132-c2e9f4f3d4b9,Sticky Fingers of Time. The,1,2008,9,0,586486615-6
61381bd2-0529-436e-811a-69117c49207a,Address Unknown (Suchwiin bulmyeong),2,1993,22,1,537000520-6
737dac8e-0ac6-4feb-aea5-51af75f7b2fc,The Fabulous Baron Munchausen,3,1998,27,0,332140259-9
0c9df34f-715b-47f0-8535-f5c86ef121a5,Never Met Picasso,4,2005,36,1,177509160-0
fbb10980-c5a8-4545-b696-fe88d09fda70,Blondes at Work,5,2000,21,0,255542988-3
477cd959-aff1-472d-bcb4-d4a32d8c1595,Chariots of the Gods (Erinnerungen an die Zukunft),6,1995,78,1,849062923-4
b1954b5e-de4e-4156-8a3b-c666d74e91ff,Hart of London. The,7,1991,62,0,771463234-8
7d8d1481-70ce-4301-8156-1285a0c7a203,Harmonists. The,8,1994,4,1,810138035-3
f583b94d-4ccb-44f0-b683-c5439af1b70d,Bicycle. Spoon. Apple (Bicicleta. cullera. poma),9,2009,36,0,122895873-4
b9bda8fe-33c0-48ac-ad61-32c4ad2b7d4b,Quigley Down Under,10,2012,21,1,408488931-8
3d170328-240b-4fd3-aac6-fdfa05facfcc,Ryan's Daughter,11,2012,9,0,176684520-7
8eed7e0d-b0b1-4cbd-8e6d-54300fe153c6,Prayer for the Dying. A,12,2009,94,1,275322074-3
bd539d32-3b86-405e-8f94-5eb641ce909b,Great Gatsby. The,13,2006,85,0,915914312-6
38a5c2e2-996b-4f4d-8581-f6e2628d1a55,Prodigal Son. The (Tuhlaajapoika),14,2005,59,1,595829860-7
8ef689ad-a478-4f89-9297-60794c1dfde7,Insidious,0,2000,65,0,208657300-6
947f80ae-b3e1-4a54-ad9d-11eb1caff1ea,Great Train Robbery. The (a.k.a. First Great Train Robbery. The),1,2011,3,1,771876702-7
880a3cb8-d016-4f24-80dd-ac45bcf87ab5,Chance,2,1988,20,0,915762136-5
47bfec53-66af-4f1f-8c5d-f4a6f5376e3c,Crazy for Christmas,3,2012,92,1,216134894-9
88880a82-9141-4a7a-9c06-feaecb5e7477,Separation. A (Jodaeiye Nader az Simin),4,1998,63,0,599004655-3
6620c129-4582-490f-87a2-363b1ee9a91b,Chant of Jimmy Blacksmith. The,5,1999,33,1,814500294-X
c9c4df72-4dcf-48db-98cf-1c7ab5bc9a2e,The Story of Robin Hood and His Merrie Men,6,2004,75,0,308364096-X
8d62f72f-996d-4808-a39c-e7f9a23dd07e,Texas Chainsaw Massacre. The,7,2003,87,1,344781658-9
efc7a569-7219-435d-b385-dc22537c8979,For the Bible Tells Me So,8,1994,47,0,435193628-2
dc019e37-a099-4959-a95d-bcd3d9cbeb36,Rudderless,9,2006,29,1,169530096-3
b9b263a3-8c2d-4338-8d2c-25f865d2dd28,Brothers McMullen. The,10,2006,1,0,460847397-2
8aaf373c-e8a6-4c87-9bc3-d5224177eec1,Earth Dies Screaming. The,11,1997,95,1,976268902-X
670fbbe6-e15c-4715-8843-d255e0ff5426,Groove Tube. The,12,2004,51,0,455064693-4
55fa89c9-50d9-42a9-8318-6f7279daf533,Black,13,2004,91,1,339514288-4
9633ae65-5aac-4b83-9b57-944ba139cca4,Redes (Fishermen's Nets) (Wave. The),14,1993,86,0,282241664-8
34f49e44-6d21-45db-bd7c-ff9b68c3a3dc,League of Ordinary Gentlemen. A,0,2010,96,1,767853030-7
073568ea-0832-4f95-af6f-cb6d594619b7,Olivier. Olivier,1,2012,3,0,623896680-7
78dafc67-1665-4abd-bcc9-769f56b968af,Loose Cannons (Mine vaganti),2,2005,31,1,329777455-X
6ff211ca-7f36-4517-acc1-92879bbf18e9,House I Live In. The,3,2007,51,0,472824965-4
0b9b70b6-4d46-4d03-a8c2-f5db494f698a,My Way Home (Így jöttem) ,4,2006,53,1,240213919-6
94a28cd2-59b7-454b-a3e9-421ca59691c4,As You Like It,5,2001,56,0,384033465-9
3c458054-014c-46bf-a9c1-53d782541482,14 Blades (Jin yi wei),6,1998,84,1,613949469-9
cd9442c4-3e42-4995-b08e-f817c9cda0df,Fateless (Sorstalanság),7,2009,81,0,715896740-9
105cbd29-0765-472f-bc6f-271be1ea8dcd,Visitor. The,8,1992,27,1,824446698-7
d95c1c89-ec25-4844-b6be-d4bd4fa270b6,Savages. The,9,2001,90,0,293373661-6
58b00bbb-6d5f-44fe-aba3-c62d04a1d852,Last Rites of Joe May. The,10,1995,76,1,902332907-4
d8b25f0d-e17f-4a23-a31f-df2001d77b28,China Seas,11,1992,7,0,787130561-1
1e3d1ee4-bc7d-414b-a302-33a6acb4a93b,Blonde Ice,12,1994,99,1,665004775-9
c7c300df-73db-44fa-b5c1-42f497568fd4,Under Suspicion,13,1994,71,0,075801686-7
42b319b1-438d-4f28-948f-f571741cdb0d,Desperate Hours. The,14,2002,71,1,836002333-6
cd82fbd0-17a6-47dd-95d7-f9534ae135af,The Fabulous Baron Munchausen,0,1997,66,0,385797744-2
a7da7909-21a6-479c-9661-2768fd75f0de,Pyx. The,1,2009,30,1,850924489-8
ce123961-4f75-4213-a4a8-86cc537317da,Dry Summer (Susuz yaz) (Reflections),2,2009,5,0,810077254-1
0afd8264-82b5-4c1d-9eb1-54d7c7100329,Alone in the Dark II,3,2012,53,1,051248571-2
ac2529a6-6abd-4352-b7a3-a193cdf4e8fc,Grace,4,2000,95,0,879383176-5
91715ac5-685b-460a-82b5-a8d2e625e56f,Damned. The (La Caduta degli dei),5,1993,57,1,182828645-1
04ad5574-7b1c-41c3-8b78-f3ed04f2d8a6,Hierro ,6,2000,78,0,824484942-8
b923b053-9f21-4746-811e-4097e86ecce3,Perfect Murder. The,7,2005,49,1,997201045-7
df0b97fb-2129-4347-8e5b-aaa39bfea324,Choices,8,1996,32,0,410361301-7
a4136089-8fff-4ffb-81dc-10084675a8cd,Billy Bathgate,9,2004,82,1,994097294-6
b58fb25f-820a-48d9-bf7c-025d7c6ddfe1,Along the Sungari River (Song hua jiang shang),10,2002,54,0,776228015-4
438c9d57-3f8d-4096-8bdc-8e84c8b37436,Space Movie. The,11,1989,31,1,564736922-7
3bd0ce31-c21d-4ea8-90d1-af3df110e997,Cannibal Holocaust,12,1999,44,0,517765360-9
b27f1cd6-ca45-432d-976c-ba8fcc630bfc,Strawberries in the Supermarket (Jagoda u supermarketu) ,13,1993,97,1,330383845-3
4e1dbde0-4171-4816-b06c-e2233f320542,Gay Divorcee. The,14,2009,8,0,787691651-1
77b6a896-a5e5-47bf-b9ac-434850afd3a6,Julie Johnson,0,1968,78,1,713383423-5
74f29667-5299-4c81-aa97-cb3bb7fe8139,Ghoulies,1,2003,22,0,310294346-2
0294c444-6b39-42f4-90eb-029dbcfd45b0,The Fat Spy,2,2011,79,1,725145919-1
be5428ee-f550-41f2-a5aa-8ee33b24f5fd,Suspiria,3,2002,89,0,932817485-6
98e65290-049d-4297-8568-584f08fde5d0,They Live by Night,4,2000,57,1,246725859-9
f673a647-5bdc-4082-a3aa-5c1e951f21cd,Joe Strummer: The Future Is Unwritten,5,2004,19,0,179970716-4
edd81c9f-a17a-4304-8e59-587f57da3f3b,Awful Dr. Orlof. The (Gritos en la Noche),6,1966,53,1,229462259-6
087c206f-d31c-4852-85a5-af7172b5ad3d,All About the Feathers (Por Las Plumas),7,1980,75,0,103702430-3
3568a9df-39aa-4866-b3c1-a73c226a8145,President's Man: A Line in the Sand. The,8,2003,90,1,114365345-9
207315fa-4bb3-4e80-be0e-0a082c2a8181,Electric Horseman. The,9,2009,65,0,390949044-1
c5337733-8130-44f7-a27a-63fd4f345a49,Cochochi,10,2000,31,1,314407863-8
4d917442-592a-44ea-850f-c8446288d46c,Baboona,11,1990,94,0,548853808-9
79638971-a257-467b-8159-ed74828a2b8a,Dinner Guest. The (L'invité),12,2007,9,1,697836202-6
5090a7f6-c9cf-4d07-9934-5efad19f1e31,Hanzo the Razor: Sword of Justice (Goyôkiba),13,2010,40,0,668450981-X
f4788c50-c1a5-4d1e-9770-e0c94764e5b6,Detour,14,2009,69,1,213715863-9
31faaf33-5807-4131-93bf-30e80bb3055b,14 Hours (Fourteen Hours),0,2007,10,0,062048750-X
7f70a7ca-666e-4a81-bd84-c0a17bb4d4a2,Clouds of May (Mayis sikintisi),1,2007,50,1,574021822-5
716dcea8-cf5b-4636-ac4d-ba90cf66520c,Anna: 6-18 (Anna: Ot shesti do vosemnadtsati),2,2000,68,0,649701629-5
f7edccba-e6f1-4eed-b05f-3af5814db3d2,Madigan,3,2005,15,1,411188857-7
106995ad-7d86-495f-ab3e-6af07da4bf01,Carriers,4,2006,83,0,728466120-8
9b56a153-e00e-448d-9a7f-26a13042a1b7,Communion,5,1989,37,1,438754474-0
9e9eca05-45bc-42bc-865d-e1c67ee79978,Study in Scarlet. A,6,2002,38,0,938281696-8
1efa70d1-6d11-429d-a6c5-3eaa9c8952b1,Special 26,7,1992,64,1,895456611-1
60464fdc-4068-4d68-aa0c-538d6ff20e7a,Viva Cuba,8,1994,97,0,770127607-6
ae5aa398-e9d2-43c1-9974-7aa2daeb8063,Bliss,9,1986,31,1,093247982-0
045956ae-06b6-4e77-9a6d-ac3ffe1caebb,Pennies from Heaven,10,2012,8,0,928596173-8
ac941fdb-6c3e-48d1-9c4d-bf9823d82240,The Girl from the Marsh Croft,11,1993,32,1,750470420-2
592d60aa-83bd-4f3f-b3e9-2179a8bb2e95,Black Rain,12,2012,97,0,514986074-3
6655a747-8ecd-4913-a4e8-410edd5a973e,Kink,13,1993,86,1,300998134-1
d1ba7da7-0299-4b0a-83d1-2aa87d501e1f,Hunger Games: Catching Fire. The,14,2004,88,0,393729560-7
6f3cc12d-2e2a-4e6c-a317-874ea27dd7cd,Ringu 0: Bâsudei,0,2002,91,1,554020185-X
246f1c5a-bd96-4acf-9d60-8c05a16ab89f,Dragonheart 3: The Sorcerer's Curse,1,1999,45,0,086322220-X
1db703a0-bad1-4445-bef2-9166bfd60cfd,Electric Dreams,2,2009,32,1,908824002-7
4dfae581-798c-486e-ab4c-8b18993cbb8f,Othello (Tragedy of Othello: The Moor of Venice. The),3,1986,23,0,152315199-4
46488edb-4270-44fb-a96d-69af98154f45,Day After. The,4,1991,23,1,211274924-2
48dda679-6677-48db-9e3c-02e13433d712,Crime of Father Amaro. The (Crimen del padre Amaro. El),5,1998,25,0,887603623-7
a92d1718-8d89-44ca-b4a0-225b40155cca,Tinker Tailor Soldier Spy,6,2004,93,1,610353777-0
301a7ba0-bc40-4982-a244-159863fa9264,Che: Part One,7,2004,71,0,266390710-3
df26b26b-6fa0-4cc3-aec4-141726f120a8,Patterns,8,2010,91,1,057510443-0
b86ec31d-33d6-482c-9b0c-795bcede8456,Ruby Cairo,9,2006,41,0,179141328-5
19b65861-3f68-4a8d-b84d-7ae46134abad,Madagascar Skin,10,2001,34,1,557927095-X
60345d14-8b0f-494a-af25-383c435bbb3d,Great Train Robbery. The (a.k.a. First Great Train Robbery. The),11,2008,77,0,968018281-9
392b713b-ee2b-4cfd-bae8-7bfd35a9ae8c,Streetcar Named Desire. A,12,2004,32,1,759769714-7
17361b7d-3568-475c-a4fe-7458b7f37db1,Heartbeat,13,2002,26,0,699434449-5
e32ed32d-4bfb-4bad-ab44-5181fbe081e9,Evidence,14,1988,4,1,954356390-X
3d1ad74a-25a4-4c60-9d9d-20d29b988731,Man with Two Brains. The,0,1994,74,0,949002185-7
db4ccf50-e33d-406e-bc40-308f237e5811,Camel Spiders,1,1999,24,1,530930469-X
6ddfba3a-f6aa-4eaa-9344-b638dacc92f5,All About Steve,2,1996,39,0,910205973-8
29f12437-6c0e-4135-b372-3a93276817c7,It's My Party,3,2003,98,1,816838085-1
4a400bfa-5726-40e8-8134-481671866aed,Grown Ups 2,4,2007,14,0,209320848-2
84754c79-61d4-42e9-bfdc-d4eb0094e80a,Haunted Honeymoon,5,2008,49,1,881837020-0
7378cf72-3ff1-4f27-a590-c93c4309cc57,Operation Ganymed,6,1999,12,0,251449229-7
9c6ccecc-0ce1-445f-8eb0-e5a645e9787a,Half Baked,7,2006,88,1,596749580-0
2a4eac2b-fd78-46f3-a77d-6df7f610063c,Keys to Tulsa,8,1992,31,0,138747959-8
ee220529-b02c-4f38-84a1-a5dd3fe1ef66,Godard's Passion (Passion),9,1998,57,1,607279434-3
73c8b75c-779a-4c71-a2e2-c97dc8a2c33e,Ambush (Rukajärven tie),10,2010,53,0,227772868-3
17e8af1e-3de6-4c1a-a1d4-577d4f26f6ff,Sleep Furiously,11,2009,50,1,796040450-X
1ba5ce05-21c3-4046-8d28-8c550b6dec96,Night Nurse,12,2002,41,0,463899673-6
6de27734-e6aa-4bc1-83da-9c0629dd5294,Instructions Not Included (No se Aceptan Devoluciones),13,2004,6,1,870260819-7
69897ffe-5f86-4773-8d3a-3493eeee0335,Hell (L'enfer),14,1990,46,0,103702125-8
90e716fe-513a-41b6-a0ee-51f00a2dfba5,Harvard Man,0,1995,66,1,952229597-3
50fa4e5f-46cd-4b2d-a4ac-c757744dc864,American Ninja 4: The Annihilation,1,2012,62,0,233850460-7
f97529c3-9645-4491-896f-6d3c941b4b6b,Wallace & Gromit: The Best of Aardman Animation,2,2011,87,1,867584547-2
378ba433-f4fa-4fe5-9a62-dfba69dddbad,Thing About My Folks. The,3,2012,49,0,311373883-0
aaa2de82-07d2-4255-baa0-29532bc41e70,At Sea,4,1994,21,1,818184221-9
f15eba83-1b2e-4e03-940b-192331b7830a,Little Dorrit,5,1997,54,0,771213887-7
310c635e-387e-4925-96a7-0b335234629d,The Sea Vultures,6,2003,23,1,531998863-X
76a4f827-7687-4ff0-aee9-12508bb1c36b,Skyscraper Souls,7,1998,73,0,495303060-5
2f3d6847-59bb-4405-8228-73c0d11a6242,Funny Girl,8,2000,26,1,416566530-4
787bfda6-d9b4-4f89-9db2-454a212d1355,Breakfast on Pluto,9,1995,59,0,329576993-1
25dc488f-1684-4d64-9c6e-6585d6ebb072,Will Penny,10,2009,94,1,154866737-4
bbd40ec4-cf65-4cf0-90bc-d47d3b11c5c8,Left Behind,11,2009,64,0,581119230-4
1c72349a-7d55-4685-bc29-331d2a248037,Fortune. The,12,2007,48,1,281397515-X
8db2bc36-92b7-4c5f-892b-d6f458c8b0ff,And Life Goes On (a.k.a. Life and Nothing More) (Zendegi va digar hich),13,1995,54,0,357909546-3
538ac8b8-f963-495c-a483-6b3a3614f9e9,Golden Thread. The (Subarnarekha),14,2009,76,1,580100529-3
008f49eb-7d4d-4d74-9250-b4290d519718,True Stories,0,1995,46,0,210790921-0
1e7f4e35-fe42-4b78-804d-1c2b7cdfef5f,Barefoot Contessa. The,1,1990,91,1,884538351-2
07120b63-921e-43a9-b67b-cfc45d08355b,Rude Boy,2,1994,65,0,867677030-1
ca01c616-6afe-4c32-9da9-644ccef2bcb6,Genocide,3,1989,21,1,659480690-4
d7dcf94b-3e7f-485b-baf9-ad31c9e82193,Guardian. The,4,1997,74,0,176334935-7
5b3c1a51-ece4-4f33-ba6e-a5b256352f20,Seven Years in Tibet,5,2008,91,1,126656569-8
e0c3a90f-a6fd-476a-aa27-84ab785eaa17,What to Expect When You're Expecting,6,2013,84,0,799965347-0
df2c78c7-856c-4df9-bad0-2cad48926562,Find Love,7,2011,82,1,388844783-6
d2864754-1341-4495-83c1-d934e678c582,Canadian Bacon,8,2009,42,0,855478553-3
0681684c-3688-405c-9e8c-9fddd5a1e26c,P2,9,2010,90,1,946091249-4
d846c10e-1d12-44f8-a9a5-82ee9b932e34,Brightness (Yeelen),10,2004,8,0,460903392-5
2f1df018-6177-4966-aa98-b2958bbfb1d9,Haunted Palace. The,11,2011,71,1,756581742-2
c0441877-99fc-42b4-bc8b-f3e748e38409,Taken,12,1995,67,0,504059500-X
a3e49668-bfeb-4551-9470-bbcabcb7d449,Ikigami,13,1998,82,1,096696666-X
0229e1ed-54bc-4d08-9932-c835af5a3bb3,Breaker! Breaker!,14,2006,74,0,890363647-3
1d519927-92b6-4873-99d7-9e6a5fe59866,The Diary of a Teenage Girl,0,2012,97,1,083938495-5
f89cf8ce-380c-4ce2-8684-04107f073f16,Beaver. The,1,1996,76,0,269033278-7
4774c59c-0a09-4786-bdd7-fdd60513e405,Who Are the DeBolts? [And Where Did They Get 19 Kids?],2,2007,62,1,963225983-1
fecc6a98-73e9-4fa5-866a-5198ba8c21da,Last Exorcism Part II. The,3,2012,34,0,982528339-4
d72a41c0-bc18-4bd6-8042-65f15959bf22,Carandiru,4,1999,47,1,832913444-X
4af949eb-8e80-4abc-93ba-67a21f83170c,Wise Guys,5,2005,86,0,687215496-9
c677b561-9c6d-41df-81d4-03ccfb521a1f,Leprechaun in the Hood,6,1996,99,1,337114887-4
b4a6460e-5383-44f8-8b58-3c6acc6e02ae,9 Star Hotel (Malon 9 Kochavim),7,2002,100,0,442733783-X
3c903dd3-b61c-4bbb-8f67-4f2c24ccfbe5,Drunks,8,1996,69,1,223578417-8
6d5b0dc2-0a00-4035-923c-e5bae2b13873,My Giant,9,1995,46,0,903159122-X
cc03d442-3185-4107-a388-ec989cd2e38f,Xtro 2: The Second Encounter,10,2003,81,1,134490524-2
dfb85d5f-7acf-4252-8108-9873eea8406b,Patch Adams,11,2008,71,0,659132382-1
35a02266-aa92-480c-b243-c03c47b1d8e4,Lilith,12,2009,11,1,562928794-X
4454462a-5c3f-4e3e-bf43-ece12d4ecb2c,Pajama Party,13,2006,95,0,499156358-5
8f1e407b-7078-4e7f-803e-c7536dbcec7a,Hi Tessa (Czesc Tereska),14,2008,75,1,605938414-5
4d44e30d-4a8a-421c-b36f-5030697911d8,London After Midnight,0,2004,40,0,275079588-5
77f4554f-8d13-4c7f-a897-1e799407204e,1990: The Bronx Warriors (1990: I guerrieri del Bronx),1,1996,12,1,594762763-9
7181c7b7-cf97-409f-ac68-4cca531aeaa2,Blood. Guts. Bullets and Octane,2,1993,13,0,001910869-9
d433eb44-114a-4daa-82f1-b940c8121d4f,Like Mike,3,2009,62,1,932604289-8
630e1aa0-c75d-47a7-b142-fcf8064f68b5,Corvette Summer,4,2007,19,0,874559388-4
e979719d-143e-4d34-b6a8-39289fecff45,Faraway. So Close (In weiter Ferne. so nah!),5,1988,98,1,295406565-6
f0c94851-8e4c-4c35-9360-a5d513a5c2bf,Slaughter Rule. The,6,2004,93,0,835478909-8
b55345ef-40e0-4348-af91-5acba89a23f4,Project A 2 ('A' gai wak juk jap),7,1989,57,1,018565386-3
9fff131e-f77b-4944-b60b-db060dbe2b1f,Stargate: Continuum,8,1998,50,0,998905973-X
5faf2d4f-3e98-4179-b42e-86da43cbb765,To Get to Heaven First You Have to Die (Bihisht faqat baroi murdagon),9,2007,80,1,321915595-2
b2652783-41c9-4ea9-924d-a8a7ee56de2c,Mikey and Nicky,10,2001,61,0,754332646-9
4d98db88-3d56-44c4-a291-7df408dad12e,Call Me Kuchu,11,2008,74,1,776436496-7
f96d4c9c-f31a-48ad-8dfa-5c358793dcfa,Overlord,12,2010,9,0,542275393-3
cef461c0-de70-494f-ad12-69b0a4302c1e,Stop! Or My Mom Will Shoot,13,2001,33,1,174830080-6
67a2f68a-db23-4735-9244-2a65347c9f4d,Punk Syndrome. The (Kovasikajuttu),14,1992,80,0,650777948-2
edbaf184-fd09-457b-874d-40f4b90b3301,Ghost Rider,0,2006,44,1,530986222-6
caa9c159-3a24-4419-a6dc-d41f8db2325d,Princess and the Pirate. The,1,2009,100,0,794465986-8
cd20dccf-ccb1-486b-a3c7-a97deb4171a2,Leaving (Partir),2,2004,5,1,567165015-1
efd12544-51ea-45e6-a214-bc999caeef24,Death Takes a Holiday,3,2004,64,0,058872852-7
1f5b4847-d7bf-4b62-a174-7da6aa9b9880,Each Dawn I Die,4,1993,57,1,596880043-7
a1104236-4c74-4d91-8efd-4a247126e512,Fay Grim,5,2013,21,0,985317372-7
0d9f08de-75ca-4432-ab73-36ba33b79f64,Prisoners of the Lost Universe,6,1995,92,1,059053081-X
41a8a6b8-1d08-4880-b369-7598513af6fb,Royal Scandal. The,7,2009,50,0,207062766-7
1031440b-bff5-4185-bf35-983e948a548d,Little Soldier. The (Petit soldat. Le),8,1996,90,1,718588695-3
3bb9bcb1-963c-452c-b3e2-e61a6f7f7161,Company of Wolves. The,9,1986,69,0,978873381-6
6dd4611b-235e-43c8-828d-2f1963f9382b,Wildflowers,10,1993,81,1,375898408-4
527721c2-ba14-4207-86f5-11636321b19c,East Side Story,11,1998,58,0,676282050-6
2b6c1508-d5b2-410c-955a-9e9abe4e36fa,Freddy vs. Jason,12,1997,15,1,258542989-X
eefd25d4-1308-4542-a19c-eec71c618cb0,East. West. East: The Final Sprint,13,2000,80,0,889867700-6
fe1472cb-9ab9-40d9-9b97-54151aa04c04,Reindeerspotting - Pako joulumaasta,14,1985,67,1,944499803-7
5cd58666-f6f4-48f3-94a9-dfe1afbb8b71,Oldboy,0,1992,92,0,753666845-7
7d0ace3b-9685-4654-87fa-d6c6883368a2,At the River I Stand,1,1996,53,1,666958827-5
b07d4e0e-c8bf-4f44-ba29-7fbf3bb8feee,B.F.'s Daughter,2,2001,95,0,276724060-1
dab6d798-769b-4d23-8a22-ef25cbeda1e5,Bleach: Fade to Black (Bur&#299;chi Fade to Black Kimi no Na o Yobu),3,1985,39,1,293849095-X
24ca388e-e960-440a-a62b-ed9379fa9594,King's Faith,4,2009,63,0,767953005-X
2921bd32-d429-4a63-b0bf-14318adc79f0,Every Other Week (Varannan vecka),5,1997,52,1,077334061-0
5959294e-2f19-428d-ac6e-729cfa193c0f,Craigslist Killer. The ,6,1992,61,0,179560814-5
41ffd07b-6343-4f6a-be29-046816c55502,Harsh Times,7,2004,62,1,056819428-4
18e9efdc-7617-45a3-a1b8-c7c00ed40d15,Fast Five (Fast and the Furious 5. The),8,1994,88,0,379979324-0
af28cbb8-5505-4549-8097-91e1058decd9,Indie Game: The Movie,9,2006,83,1,320860914-0
77615d5d-ae66-46aa-8ea9-01e329d258fe,American Tail: Fievel Goes West. An,10,2012,37,0,237125739-7
22f17402-6252-4233-a988-a57df8b32752,Sleep Furiously,11,2003,79,1,867787162-4
2ac3ed42-9895-473b-8824-b4fb8b33f071,Tales of Manhattan,12,1992,87,0,245164112-6
32d0437a-e614-4ee0-bc01-eca37b625282,Seven Years Bad Luck,13,2001,3,1,206295684-3
1d43040e-0f75-46b0-8da4-11e01ae72533,Jane Eyre,14,1998,48,0,152545688-1
492dcfac-808b-488c-8505-419e666343fc,Friend Is a Treasure. A (Chi Trova Un Amico. Trova un Tesoro) (Who Finds a Friend Finds a Treasure),0,1992,80,1,041446652-7
b1903fc1-9756-4c9f-913b-62168d97dc29,Marion Bridge,1,2009,71,0,097673289-0
2b1b549d-e664-49d8-bb89-c5ec024ae0b6,Badge. The,2,1992,96,1,267025768-2
659a8c58-d0f6-4c6f-ab40-33cd812dff61,Hunt for Red October. The,3,1987,60,0,649934587-3
bfb1f4ee-d7ef-42ae-9134-04d67ff39e8c,Louisiana Story,4,1994,23,1,385501450-7
a300a551-a55d-45fa-8d97-fd1cbed11f58,Mickey's Twice Upon a Christmas,5,1990,64,0,903295475-X
ccfab881-6d99-43ea-a529-4e3cf180ff4e,White Sands,6,2003,83,1,068928310-5
9e117f59-6ec6-4f4e-9a23-827a6c297cfd,Nightwing,7,2002,31,0,306237306-7
19bedad3-a2d0-4045-8b49-7a465c09d07d,Against the Ropes,8,1996,82,1,922087376-1
a9984c8b-0e13-4047-b726-0b0bd0e782b5,Mickey,9,2009,30,0,126292420-0
c720b839-86a1-42b2-9414-ea221c50fd96,Blue Velvet,10,2000,4,1,737357796-2
d543985c-192d-48c0-a473-c44bb10def6d,Osama,11,1993,97,0,968526796-0
01e4aee4-6126-45a5-9135-5c3db3af386b,Brooklyn Dodgers: The Ghosts of Flatbush,12,2011,77,1,207694536-9
d3124e22-717c-4b39-b8b9-04d385081204,Osterman Weekend. The,13,1995,45,0,303438820-9
1b19a0bb-059e-43db-bb09-54280bb44be9,Stagecoach,14,1993,95,1,289514757-4
32418fce-08e4-4a46-9f30-1e486e4ab0f9,Death and Cremation,0,2004,66,0,298510772-5
3b3fc461-81a9-4404-bcac-60fffae1307b,Charley Varrick,1,1997,62,1,823548248-7
7d8f4819-6b7d-4671-ac89-b780f591b1f0,Jönssonligan får guldfeber,2,2010,3,0,889687612-5
c8c23d9a-44b1-4605-ba7d-1898365d3e1a,Sensation of Sight. The,3,1992,85,1,376829070-0
cf84b90e-bb2f-4bef-a38e-ae93489b9787,Quitting (Zuotian),4,2006,13,0,040739254-8
c03200d6-9feb-44b5-afb0-6434c68a34ef,Extremely Goofy Movie. An,5,1968,94,1,500416318-9
8a2b34a3-b079-4fdd-9e43-fec6785c2439,Satan's Little Helper,6,2004,23,0,303863672-X
aac06671-241a-40c4-869f-5d635598670f,Caroline?,7,1985,98,1,633733943-6
be4392c5-9523-4712-a7d0-b8ea82bbea05,Color of Money. The,8,1990,99,0,685095797-X
8d2ab99a-7db7-43a4-8a39-a0f2199540b7,Aglaya,9,2006,31,1,208988944-6
0587cabf-f146-4761-b62c-31be16b7cc3e,Little Dieter Needs to Fly,10,2006,64,0,880087575-0
a9c3014e-5f5b-4bde-acc5-eaa017a1a896,Sorority Babes in the Slimeball Bowl-O-Rama,11,2004,72,1,751681102-5
d4593fd1-7d68-404b-82e8-c7f7f8189717,She's So Lovely,12,2007,17,0,221039379-5
f3cf83af-afc4-4d6e-bf5d-c3a46f159ac9,Mr. Saturday Night,13,2000,92,1,656406801-8
6ad44d24-d752-429d-b192-cf855433fb04,Sex and Fury (Furyô anego den: Inoshika Ochô),14,2008,51,0,675613858-8
7b1a8f0e-f0cf-4956-b5d0-255d24071e47,Goodbye World,0,2010,93,1,648090620-9
e2367659-8f27-476c-8ae6-4ba3acd75ad4,Touchback,1,1997,27,0,764749100-8
9e0b9083-adfd-461e-9dfa-0b8414257b84,American Bandits: Frank and Jesse James,2,1998,100,1,064600963-X
c1fc769d-f904-49f6-9510-3bee328f5288,Green Dolphin Street,3,2005,83,0,009674804-4
ac5f2f6b-8af1-47aa-ad3d-3cf4b2ae1445,Tony,4,1988,100,1,054508421-0
add7b318-8dcb-437d-9ed9-dcc031d3541a,Cry of the Banshee,5,2004,41,0,837687638-4
ed3ec982-a171-47fd-b51a-baf3cd74a69b,Crackerjack,6,2012,73,1,451974263-3
27f9f98f-382f-439e-8fc1-a1dc72c3d6eb,Advanced Style,7,2010,62,0,007273832-4
c7ff61c2-de02-4627-981b-90142b5ac173,Rosalie Goes Shopping,8,2001,52,1,538582437-2
b1f6893d-c913-4494-b370-dd0e179fe70c,United 93,9,2009,18,0,850485241-5
09830c99-8900-486b-86c6-dd0153489340,Cherish,10,2007,90,1,616984752-2
26a71165-4a20-4458-80ed-26e3869f978f,Street Mobster (a.k.a. Modern Yakuza: Outlaw Killer) (Gendai yakuza: hito-kiri yota),11,2013,88,0,019858071-1
cea93247-0ebb-40c0-bcc5-0a551588c952,Riot On!,12,1992,37,1,541464089-0
39e398d8-b806-445b-960d-ce63bae89272,Room at the Top,13,2009,10,0,468839249-4
5c05a93b-21ca-41d8-a09f-8a193d1bf810,Love. Money. Love,14,2007,12,1,363992463-0
c6a33391-8f3f-46bc-9918-089f43110c7d,Jodorowsky's Dune,0,2011,69,0,519742931-3
a6bf4221-4938-4ba2-b0a6-2fc697a8a69e,Thieves. The (Dodookdeul),1,1997,59,1,801233070-9
1b20b823-4e56-4b09-b3d4-eb234b6a0120,Crane World (Mundo grúa),2,2009,20,0,704798038-5
8e94bc5f-5738-4a80-a2f3-0bc8774a5f8e,Star Chamber. The,3,1993,75,1,643754329-9
be188499-1f23-488b-9f2b-e5dae30f05d4,Nobel Son,4,2001,99,0,020445998-2
26eabab7-e668-4dd1-b02c-bedb1794f9cf,Snake in the Eagle's Shadow (Se ying diu sau),5,2002,57,1,266800887-5
cdc8822a-e6e9-458b-9b57-1a76dd408b83,Midway,6,1993,96,0,198208213-5
48961460-fc9c-4b99-9386-b027dcb6a915,New Country. The (Det nya landet),7,2004,60,1,053730850-4
9c03e4cb-ac95-4701-9b80-58a6ae1fe407,Ape. The (Apan),8,2002,71,0,187356730-8
92f20245-03d1-44d8-ab59-1179384fdb7f,Uncle Marin. the Billionaire (Nea Marin miliardar) (Uncle Martin. the Multimillionaire),9,1984,88,1,086106907-2
d711ecc5-f307-4636-9192-fc7e7f85e7e0,Pecker,10,1986,67,0,636581219-1
fbcd3516-17eb-4a38-98be-3e8e2b4781dc,Morvern Callar,11,2005,40,1,367691946-7
b9e451a4-5a25-4b76-9817-401d87b6358f,Love Crime (Crime d'amour),12,1994,76,0,346797876-2
9cff2c6d-2529-4040-b511-2f49256b43e5,Philadelphia Story. The,13,2009,59,1,621745886-1
c2259d67-5927-4e3e-98ae-79e09ab45772,Broom-Stick Bunny,14,2006,91,0,766925836-5
a08c59fb-d67d-4672-9578-5b4f59fb72b7,Flesh,0,2000,44,1,830458874-9
f5ec98c7-999c-40eb-9de4-25065cf7a31e,Hunt for Red October. The,1,2008,6,0,751854111-4
ab02a4e8-e8a7-42e0-83d5-15abe67aa2e5,Repulsion,2,2001,20,1,260292940-9
9111a475-dfd3-4631-8254-7962ac722d8b,Games People Play: New York,3,2002,10,0,894617461-7
d50a62c3-611f-4caf-a566-9f7d1330da7a,Series 7: The Contenders,4,1997,36,1,142037426-5
9d5edbf0-e09a-4d1a-a466-2af553ae48c4,Tell,5,1994,75,0,303644200-6
b95cca0b-bec9-495f-995f-622228b1b9d6,Tall Man. The,6,2012,35,1,294183924-0
bfdebe84-ce4d-4f9d-943a-0bbb23e6868b,Blue Spring (Aoi haru),7,1999,59,0,470752722-1
94678d52-bfe0-45ec-8f72-89412dc21994,Decoy Bride. The,8,1998,35,1,547425699-X
be163664-4597-43f3-bd34-5f775ac56c18,Three Kings,9,1984,100,0,083661415-1
0e894f50-a12b-43be-a230-0a1013115532,Superstar,10,2000,45,1,254702945-6
598ba175-3519-4a8d-9c94-5847ec6ae035,Burrowing (Man tänker sitt),11,1996,91,0,085327147-X
66dae181-9af9-4b98-a1e1-9813cece0383,Ill-Fated Love (Doomed Love) (Amor de Perdição),12,2003,23,1,545199865-5
07d03a25-1aae-4284-a166-06d8ee6bd358,Airport,13,2009,80,0,798966015-6
4db6432f-3b0d-4275-aff8-61a32b295555,Dickson Experimental Sound Film,14,2002,3,1,767092228-1
7d3fdf61-8091-41e2-9ead-eb6a61c7cc98,Seven Swords (Chat gim),0,2006,81,0,462645450-X
dde927af-5ef2-4e8b-8c15-b42c4db6d086,Arranged,1,2011,3,1,356995155-3
b91e46f9-74b4-45cf-8d45-53fda87678f0,Superman IV: The Quest for Peace,2,2006,68,0,411652952-4
11c66d5c-62f2-4246-9e45-8f318240f4a8,Back In Action,3,1992,61,1,463511348-5
2f197ce6-7e9d-4de5-89d5-3194516f17be,Red-Headed Woman,4,2011,87,0,030718948-1
62865b32-e602-46e9-a321-54f2d0305ff4,Place in the Sun. A (En plats i solen),5,1993,27,1,931565794-2
aa316613-bf2f-4976-9b60-bfa15400c93b,Hell Is Sold Out,6,1994,84,0,976677278-9
f8b4b1a7-0a91-4a0a-ae3a-6ba0bde9e1dc,Owl and the Pussycat. The,7,2009,12,1,592357556-6
fc16b634-9618-48d6-ab9a-712146509524,D.C.H. (Dil Chahta Hai),8,2005,88,0,432300829-5
22d36ecb-206d-4285-9c36-d688e8368dc9,The Vengeance of Fu Manchu,9,1998,54,1,905111178-9
e34f0a64-697c-4e48-9693-01bae181fa98,3some (Castillos de cartón),10,1995,7,0,685675445-0
fd0f695b-ab2a-4650-8078-9bd33bded3d1,Red Beard (Akahige),11,2011,68,1,951014455-X
395d5551-a7ac-43fb-aeb7-f3a97fd34c90,Kikujiro (Kikujirô no natsu),12,1984,65,0,236335378-1
4850bdc5-5068-4dbd-a459-3f0edfdc07b5,Witchfinder General (Conquerer Worm. The),13,2004,99,1,886648159-9
98d33a25-ca52-4217-a315-0ea64c0109fa,Countdown to Zero,14,1993,88,0,266352429-8
15afe9bc-6ce6-438d-8220-e24beb3e6294,Once Upon a Forest,0,1998,9,1,515862916-1
65fff86a-6553-4288-a16b-8d3e391b9a1e,Bellissima,1,2003,37,0,813637180-6
9952e9de-aa77-462e-8e4d-f86107dbbb3d,Red Heat,2,1996,31,1,172538208-3
25ebf71d-5e67-47bc-978e-0d1e6ad2339d,Kid. The,3,2007,75,0,957951614-6
bf2d09ee-ea9c-4e25-a5ed-784067cab09e,Martin Lawrence Live: Runteldat,4,2006,51,1,911299186-4
01da40bc-8c4a-4036-a1af-7643f3ce3057,Julian Po,5,1993,72,0,646333451-0
62aad794-e24b-40eb-9d9c-839d8874f3d8,Smokin' Aces 2: Assassins' Ball,6,1999,32,1,951443930-9
6631ea21-596f-4703-8e52-c7f32f0ca8bb,Fighting Prince of Donegal. The,7,2008,27,0,136860952-X
7cb417fa-5338-4446-9e72-54fb33b6b642,Helvetica,8,1990,71,1,663801940-6
838f2277-0f56-481a-b6a8-34d5e64ccef8,The Fool,9,2006,38,0,669060269-9
fe36fa9f-3922-4d3a-ab65-b02c97b1bf48,Aziz Ansari: Live at Madison Square Garden,10,1996,35,1,823910319-7
860cce53-4c00-459b-b33a-a6ec9abda00c,Hiding Out,11,2006,85,0,378646003-5
b86467d6-9530-4c62-90de-46248b214c8b,Pekka ja Pätkä Suezilla,12,2004,23,1,750582939-4
b49d14cc-b3cb-4691-9d74-771431a14e26,Alexander and the Terrible. Horrible. No Good. Very Bad Day,13,1983,26,0,903165195-8
58a0b26d-8971-4cf1-be7b-be6af73f2754,Alien Abduction,14,1993,99,1,695696349-3
42f96912-c0f5-4cde-9ca6-45c40598765d,Bang Bang,0,1988,8,0,125630708-4
dbea7539-07eb-45ed-8ac8-855c49ed35f5,Shutter,1,1997,18,1,459249149-1
67dfddce-5305-48a2-a7cb-1b93b92ae7d7,Devil. Probably. The (Diable probablement. Le),2,2010,53,0,665348172-7
d80ad946-d1a9-4ab3-a8cb-fb12fc714e78,On the Line,3,2000,74,1,908034511-3
b2a65f66-c53f-47b6-bd92-eb69ff2a040e,Chuck Norris vs Communism,4,1993,60,0,053088873-4
0bc7793e-c405-4309-8ea6-c986cb2c0895,Just Friends,5,2007,54,1,621147774-0
2ab83c8a-b7bf-49cb-8e82-254066a3e255,Trouble in Mind,6,2005,34,0,628685893-8
78e64e8c-fdea-448a-ac64-3dde32317134,Bebe's Kids,7,2004,8,1,224309655-2
e23b0061-8492-4d42-8233-cc6414fbc2c3,Carbine Williams,8,2008,21,0,932953454-6
42e29a18-054c-4316-b064-2ae977b19293,Our Modern Maidens,9,2009,6,1,925127912-8
4c0cea4d-6191-4d31-a6d3-b854e60049a1,Chronicle of the Years of Fire (Chronique des années de braise),10,1992,54,0,079061139-2
a53a9a8f-e0b1-49cb-a167-2763359b4cbd,Chill Factor,11,1998,83,1,742279909-9
825177e4-7865-47b4-bebd-434b0dad971c,Crack-Up,12,2008,84,0,793753521-0
e8761e11-33c2-41e8-9217-929451996ab7,Snow Queen,13,2011,64,1,650603034-8
aab3f658-45ee-418a-90a0-ce24c3ec34b9,You Don't Mess with the Zohan,14,1998,96,0,131320320-3
862f68c8-732e-4d3f-9699-f8850686d205,U Turn,0,1988,46,1,047925179-7
7c1c697e-a543-4e69-9c89-bb678334120c,Witch's Night Out,1,1994,63,0,448344006-3
cf26891a-8415-4555-a563-5ab5ddc2e2ed,Last Man Standing,2,2000,95,1,819232967-4
7a1cdaca-7828-45b7-9674-8c51675302a8,Untouchables. The,3,2000,90,0,815442408-8
5f1b78a9-9dc6-4acb-bdad-f8dc8ba0e9d5,Farce of the Penguins,4,1993,33,1,577299318-6
0c08b845-ae0c-40cb-a83a-b90138d328eb,Over Your Cities Grass Will Grow,5,1957,27,0,607464106-4
77cb14fc-16fe-42a7-b941-09c808c483af,Table No.21,6,1994,10,1,235144847-2
50f29f43-2adc-41c4-9cf5-535af58885fc,Soul Plane,7,2000,54,0,722124383-2
0a1fba26-7176-4593-a320-3fd48765d7f7,Berserk: The Golden Age Arc 2 - The Battle for Doldrey,8,2009,77,1,226399438-6
84508837-4b5d-4f71-ab40-b2d605095d39,C.H.O.M.P.S.,9,1995,28,0,501451383-2
83179c48-b056-419a-97db-734c33eafa90,Flame and the Arrow. The,10,2006,48,1,496973764-9
9eac727f-c64a-4f98-a106-320956af3c47,British Intelligence,11,2005,7,0,657781836-3
0cae6f49-1a4e-4514-aa60-246e1823e794,Hard Word. The,12,1997,92,1,535169283-X
96bfacf7-a807-4ee5-b7c0-a7927c62b47a,Looking for Hortense (Cherchez Hortense) ,13,1990,88,0,393260481-4
04456375-4711-41b5-96ad-f4f92b4f174e,Judy Moody and the Not Bummer Summer,14,1992,2,1,287178539-2
f7160a9b-5624-4982-8acf-eb11819baac8,Harvest (Stadt Land Fluss),0,1988,23,0,610697703-8
8110132d-eee2-4516-a52b-b4c92c27b656,Gallowwalkers,1,2010,87,1,539420907-3
4b99a13e-1a5b-40ac-a1ff-05ff2fac8ab6,Project Moon Base,2,2010,19,0,330112256-6
022b9ae9-64c3-4b82-9ae0-6a6bb5e2cd12,Soapdish,3,1997,31,1,712836921-X
5863dae2-faf1-46d9-815c-ddcaba31dd07,Victim,4,1999,43,0,785245851-3
82678d2f-9fe6-413d-8869-b6d7920705c2,Canciones de amor en Lolita's Club,5,2007,34,1,380975325-4
ebe37393-ee97-4f08-936a-c1216717735f,Man Who Wasn't There. The,6,1994,22,0,105768475-9
08199b71-e045-4e06-ac09-12568cf1c4e6,Ernest Goes to Camp,7,2009,26,1,340593404-4
5b1b0057-62f1-461f-8246-308542f216cb,Castle Keep,8,1995,27,0,830618957-4
1edb66e0-28aa-4bba-b27d-1a3f4a3ccbce,Roman de gare,9,2013,36,1,092036066-1
6a003b36-04e6-4db6-8f5a-0b00d56db593,Two Girls and a Sailor,10,2002,91,0,786488326-5
de6d607c-2851-45a1-9f3e-ad49f867023f,Steel Magnolias,11,1996,28,1,942291198-2
90065e5d-8308-40b0-941c-7e08aa5d317d,Mister Buddwing,12,2008,99,0,792771873-8
8e054fea-f065-4928-9c35-20e8cfea50ca,Don't Blink,13,1995,62,1,930665746-3
59cceef6-aa68-4a4c-bd7c-20dadc880bd1,Batman and Robin,14,2012,50,0,959164280-6
669de602-f2ef-4580-a25a-f474dbb795d3,Flaming Star,0,1994,36,1,035946483-1
3cdff34e-b4e2-47bd-90c2-84dea6589cbe,An Evening with Robin Williams,1,2003,51,0,255198321-5
79c2b8ba-3d9f-4cef-973f-fddea7cbcd43,Holy Land. The,2,1993,39,1,881136404-3
5a4d6c91-fe89-4511-a4b7-ab297b4c4cce,Cobra Verde,3,2005,27,0,310722767-6
5910990c-cc94-47d6-9e92-69425f79a758,Sacrifice (Zhao shi gu er),4,2010,80,1,850142989-9
06681220-7877-4329-81ea-2c8afb24c371,Peacekeeper. The,5,2001,91,0,810730733-X
d3cbb0a2-91c1-4dc1-b244-3fecddfae382,Chronicle,6,2002,74,1,331488880-5
4ac4764b-970c-4c0b-90f1-6943ed465f5b,Rasputin,7,1995,9,0,304516801-9
93005f7b-6f51-4da4-a60a-cfd1d16d0f21,Songwriter,8,2004,45,1,572138885-4
ed62fd24-eb63-4b51-bed6-d54c58d37602,Free Samples,9,1988,87,0,935382154-1
6effca11-84a2-43f6-9186-0c09c9444b6f,When I Grow Up. I'll Be a Kangaroo (Kad porastem bicu Kengur),10,1988,31,1,173502997-1
d53ff9cb-ef3b-423f-b0dd-48e4f0a6fdf7,PT 109,11,1992,16,0,983127117-3
a22fd2c0-cfb3-44a5-b786-668f04da0479,Vali,12,1994,27,1,363751281-5
691d48eb-02e8-4c15-8a3a-2cc5d2de402b,Torpedo Run,13,1997,45,0,057100706-6
676f9ec7-20ff-4287-8346-66b21c761c01,Star Trek V: The Final Frontier,14,2000,60,1,037098874-4
82aaff03-4fd7-4edc-8782-123ce2e0c46f,Bandolero!,0,2003,47,0,226532219-9
9c380fed-8b16-4cb7-803b-57372612f3b7,Away with Words (San tiao ren),1,2003,97,1,653267987-9
af7ff106-15ed-46cc-8416-a6b2bcd27ebb,Asfour Stah,2,2005,66,0,434996008-2
a3336ea1-22cc-483b-8e84-8167f57611be,Aashiqui 2,3,2007,82,1,751146888-8
67bb0953-a4de-411f-ae18-4176fd5256a8,Merlusse,4,1998,65,0,690731236-0
a7016eb6-90c1-4de9-984e-c4f322558901,X-Men,5,2003,25,1,153145467-4
b46e778a-371c-4e8a-9001-d749e62bf036,Captain Video: Master of the Stratosphere,6,1997,58,0,384269136-X
091fb77a-26d8-4bdf-84e1-8f6f1a6ea162,Poison Ivy,7,1993,83,1,244009010-7
aabc0790-f0e6-4c86-8177-57ee2eb08e6e,Selena,8,2012,64,0,681468807-7
b2f18523-9f70-4a5d-b17f-b60fdd540419,Big Game,9,2009,54,1,225272361-0
c9cc5f4e-0571-4864-b9de-ea3a9e7ea13b,Steve Jobs: The Lost Interview,10,2007,70,0,825850294-8
e83d28a4-4228-4750-903f-975c6df29935,Thérèse: The Story of Saint Thérèse of Lisieux,11,2004,84,1,865887866-X
d094e32b-7219-412b-965a-597ce4c87485,Michael Shayne: Private Detective,12,2004,11,0,310904449-8
9a49ee63-e497-4e21-9918-5014d5ab30ca,Flight of Dragons. The,13,1990,4,1,511124623-1
8b5c9c34-8968-4707-ae52-fa0799aedad6,State Fair,14,1986,28,0,303501549-X
14eec613-9c41-49b3-a21c-b033823757f2,Catastroika,0,1986,97,1,530752565-6
143da1b4-df5d-4dd5-bdb4-56ad6b382b54,I Am Waiting (Ore wa matteru ze),1,2011,83,0,967172833-2
14f0146a-92b7-4af5-9299-6cd4aa3729d6,God Said 'Ha!',2,2001,65,1,268420430-6
639ec70f-4921-42d9-b6f4-e23d0b39cb7e,Bohemian Life. The (La vie de bohème),3,2006,88,0,427738451-X
7826f16c-0d0b-4f6d-9831-92376c039438,Scattered Clouds (Midaregumo),4,1992,57,1,629707761-4
581d41a6-206a-4dec-a3b3-952b724bdbd0,Beowulf,5,2003,42,0,639537915-1
6d0801e8-1d1a-404d-b5eb-e5a17f1972b6,Busses Roar (Buses Roar),6,2007,100,1,304327360-5
60c2a218-6ef6-4202-ab80-8dc0a2a79b62,Third Wave. The (Tredje vågen. Den),7,1997,66,0,999122219-7
51ee8c5b-a632-45bf-b605-c44dd621b644,State of Play,8,1992,83,1,058406351-2
ac796ebe-8bb2-40ca-9188-48b32ec71b8f,Under the Flag of the Rising Sun,9,1998,18,0,167195137-9
17a4aa20-d960-4dac-96bf-ee9181ff3553,Asterix vs. Caesar (Astérix et la surprise de César),10,2000,27,1,999623775-3
a1dbcfbd-7148-4395-b18f-758605200780,Peter & the Wolf,11,2012,67,0,289204835-4
e3011400-8e92-4177-8108-31e33166d5d1,Locke,12,2010,5,1,833808758-0
1dd0901c-944b-4bd6-9d70-3a9792e691eb,Breaking the Rules,13,1993,33,0,187625942-6
8e4a1999-8e14-41a2-a016-bbb863033cbd,Blonde Ambition,14,2004,86,1,926898782-1
48edb058-89b1-43ec-b212-6f1764fcb3e4,Chant of Jimmy Blacksmith. The,0,1992,51,0,365416452-8
e77de915-a3a4-4be6-aaaa-ba178319d51c,Korczak,1,1990,71,1,431862441-2
6533e402-a0c2-42a1-bd74-584a1e40545e,Curious George,2,1985,7,0,152683260-7
5570ae79-78b8-48a1-a6cb-de4a780759a2,Room in Rome (Habitación en Roma),3,2006,62,1,283908771-5
512358ae-066d-483c-8c87-a58e4d183235,Open Heart,4,1998,71,0,680613505-6
51dd8846-2756-43f2-8d28-44f738547d26,Pride & Prejudice,5,2000,43,1,348199609-8
4f4bf2b3-65c3-4667-a3a0-9f15d58fafa6,Star Trek V: The Final Frontier,6,2007,29,0,059617683-X
afcd9d27-bbf8-43d2-8e89-2e90bcdd09e0,Cobra Verde,7,1987,56,1,032901454-4
043fb5d8-b194-4c3c-ac89-0648f718cf0f,Alan Smithee Film: Burn Hollywood Burn. An,8,2002,41,0,304070415-X
962e2c12-0f46-4c80-922c-486adc14ebfd,Budz House,9,2012,64,1,783676970-4
24ee2c62-ebb4-40a2-ad22-3e47d42af044,Savage Innocents. The,10,1995,50,0,283662721-2
3e71601a-23c8-4ce8-8eb5-bdf6a1bbdf5b,The Disappeared,11,2008,44,1,812208642-X
ad4c0dec-a87d-4cc5-8f56-57885a4258b2,Mahler,12,1998,16,0,773046883-2
005f19a3-fb37-4680-bcd5-e3dba13a9aab,Triad Election (Election 2) (Hak se wui yi wo wai kwai),13,2000,46,1,961943999-6
17a33159-98e0-4605-860b-7ed98fb92054,Table 7,14,1984,96,0,381308063-3
7384251d-dd11-4be8-9fd2-b9efb0704b28,Panda! Go Panda! Rainy Day Circus,0,1988,73,1,586216020-5
ccbf04f3-9a8f-4f31-8842-09930e65a1f0,Tracy Morgan: Black and Blue,1,1989,62,0,275714338-7
4d06fa3d-c810-478d-a735-45404f3a2260,Librarian: Return to King Solomon's Mines. The,2,2006,30,1,370326297-4
cbb29bcf-7ab8-430a-a415-c02e038ea8a7,Miami Vice,3,2005,22,0,734401749-0
a42d1fe2-f8b3-46b7-b442-bafed1fbe407,How to Eat Fried Worms,4,1995,55,1,847998102-4
11e319fa-6b02-46aa-ad23-cd5ccad81182,Out for Justice,5,2012,37,0,199853809-5
913315cd-90db-4fb9-8e65-3551133da5b2,Strip Nude for Your Killer (Nude per l'assassino),6,1986,83,1,278850836-0
ec553e43-855b-4bab-928e-99b099eda37f,American Outlaws,7,2006,64,0,040081946-5
b4b46739-c1f7-405b-b4ec-536053c4d3dd,I Am Bruce Lee,8,2008,46,1,383083248-6
29bfa62f-4e94-4dee-abad-eba54b2617a9,How to Murder Your Wife,9,1977,48,0,798748017-7
a1c9bb20-6e99-4ad9-b522-44bd89d052ec,Lady in the Water,10,1994,55,1,219451497-X
37bab301-4998-4246-b55e-5b2d30f45a39,Sin of Madelon Claudet. The,11,1996,22,0,488645013-X
a15f156e-ecbc-4a35-a4c8-8ccf029af21c,Gabriel,12,2012,37,1,331950844-X
ba05f39f-21e1-4d37-b09b-7150aa1e24e7,Charge of the Light Brigade. The,13,1999,32,0,318950699-X
4f7a946b-c00a-48c7-acff-4084c66d8fad,Karthik Calling Karthik,14,1991,32,1,563296594-5
c8013d86-9baf-4edf-9f93-bb93dd8a5c47,FBI Story. The,0,1997,99,0,827745956-4
d587480d-d368-4671-a0eb-a7e13f8aaddd,Lovely Bones. The,1,2005,68,1,027080114-6
bda75216-e77c-467c-9d0e-3531feec5039,Wild Hearts Can't Be Broken,2,2010,75,0,086659594-5
17abda69-46d9-4b14-b36c-93eff3a12c56,Evil That Men Do. The,3,1995,64,1,987120875-8
754e8621-aec4-44d8-a3c8-21c7da313cd3,Mission Bloody Mary,4,2008,5,0,565076141-8
77fbb415-c2d7-4b4f-8b5c-e68ae67a5ccb,Hotel Hell Vacation,5,2006,13,1,427171070-9
7076840a-23e3-437a-9425-3bafc5877f3c,Dara Ó Briain Talks Funny: Live in London,6,2005,78,0,543178447-1
f66d0c5b-c33c-48ea-a45d-79a913cf3326,Ladrones,7,2002,63,1,197146841-X
f33e9a05-c164-4fd1-ac4f-c6225c9c2ac2,Whore,8,1990,98,0,025365719-9
24fca9fc-1e86-44ca-9b17-925bdec6257e,Viva Riva!,9,2009,6,1,260767151-5
74d0fa83-be01-4760-88de-5b558b0b53d6,Wonderful and Loved by All (Underbar och älskad av alla),10,1994,100,0,598694630-8
c8551696-ca2e-4254-ad19-6afd3688c667,House of Sand (Casa de Areia),11,2006,93,1,009662152-4
b7ed9f10-13b8-480b-9618-f79a569536ca,Institute. The,12,2011,68,0,204494117-1
a5c516bc-b0ac-4ac7-bad1-e77897ea659a,Wanted,13,2010,88,1,563272802-1
aa9396a5-e762-46a5-9132-c1f51fc7ea45,Thirst for Love. The (Ai no kawaki),14,1994,14,0,934232693-5
56a7e870-fc42-49e7-9760-42d2df4c4cf7,Patience Stone. The,0,1995,61,1,922929437-3
1e01563e-2de9-46e1-b191-4ae633b77a3e,Tuxedo. The,1,2005,60,0,119833860-1
06b35d72-2fc9-4d4d-8765-03e15d8a2294,Tank Girl,2,2006,23,1,640446628-7
5dd6c92a-ee5b-47af-a4cc-cebda1d7991c,American Violet,3,2010,85,0,614648340-0
14e61742-e144-4882-a14f-9d3981fdce03,Reeds. The,4,2006,96,1,715285534-X
1befc76d-f894-4cd6-b5fe-3b8087ee1849,Capital (Le capital),5,2010,69,0,332665467-7
b428f340-b404-4cb3-b33a-20001ab01527,Next Friday,6,2010,8,1,663671919-2
e03bc2cf-6b43-4fff-b5a0-af912b6c2db3,Wing Commander,7,2012,49,0,998019544-4
1daa3b2c-7265-4260-84a8-0bf6947c9a42,What to Expect When You're Expecting,8,2004,38,1,115006749-7
b3f5d98d-1654-4960-9cdb-6e677744942b,Comanche Moon,9,1988,24,0,534993933-5
1c1f3ec8-4529-4674-a6ac-94ee9ad2534d,Playing from the Plate (Grajacy z talerza),10,2006,81,1,331717707-1
24607b23-ad1d-4512-859f-01b94ef89eed,Frogs for Snakes,11,2008,44,0,187512196-X
ccc53188-406d-450a-99d3-2248f661adb4,Ice Poison,12,1984,82,1,557007359-0
05b77698-54d6-4eab-83b6-db58a4f810cd,Motorcycle Diaries. The (Diarios de motocicleta),13,1996,4,0,326943794-3
e1b2a8d0-38eb-43e2-a5a8-e00ab7c98e89,Society,14,1999,26,1,233185671-0
f5dc651e-1fe8-42d7-aa95-ca1b1bb409c7,Brothers Karamazov. The,0,1988,42,0,111635647-3
04cb2b5d-e4d0-4c16-a943-4af86ccbee9c,Chocolate Strawberry Vanilla,1,1995,65,1,482138427-2
2c8b370a-d198-41d7-a122-31a0ae24c34c,Nothing's All Bad,2,1995,46,0,232643701-2
60e4f31d-a470-49b1-9fb8-390b09fe11db,Appleseed Alpha,3,2009,44,1,125330491-2
de830292-bc87-4beb-9f60-34b4b6c52b39,Trapped in Paradise,4,2008,62,0,797752663-8
730b67e5-6fc9-42be-8783-c251d45a3259,Elstree Calling,5,2009,75,1,814110499-3
afccb9b4-7202-49da-98e7-245f1c627d95,Leonard Part 6,6,2009,59,0,831731145-7
20d900af-d9dc-4116-9fd9-424fef861b97,Truly Human (Et rigtigt menneske),7,1969,58,1,888781625-5
ab3d9671-6483-4d0b-abdf-0f3b1d499a2e,Ward. The,8,1989,62,0,968898887-1
2f9b668b-b062-4924-b03b-7179666a0319,Expecting a Miracle,9,1996,30,1,396861553-0
26e17bda-f1c8-4774-84e9-45b120782159,Handmaid's Tale. The,10,2012,51,0,740893449-9
a7450032-98fe-4aab-b913-eceb59338128,Promised Land,11,1989,14,1,431035769-5
00e7f6bc-f8a8-4bfb-ad68-6848c87c971a,Night Walker. The,12,2005,6,0,009679026-1
443f3988-221a-44bf-b4eb-9de47f7698ad,Viva Zapata!,13,1999,36,1,450636067-2
df81cfdf-0eb5-46cb-918f-51843568a5f7,Green Wave. The,14,1994,49,0,839517593-0
4fdf4a7e-7148-4159-8e44-4e20bd4fcddb,Dirty,0,1998,61,1,234464307-9
64440358-7a00-43ba-ab12-53a44afd5310,Madagascar 3: Europe's Most Wanted,1,1999,78,0,046389633-5
1f6df04d-7a28-41f3-9d4b-89fb3855a5a5,Apartment 1303 3D,2,1992,95,1,283537392-6
449c7b23-0424-4b72-a992-4a6e3ca5adff,Rusalochka (The Little Mermaid),3,2008,9,0,269456789-4
062a6998-b339-4e57-baa8-fb4446ab6daa,Secret Life of Walter Mitty. The,4,2006,35,1,995334185-0
a0b7a8f6-61a8-4683-b248-7eb9eb44e01f,Death Race 3: Inferno,5,2004,63,0,868114642-4
e62da17d-1520-4fae-8903-a919c9303953,Exterminator. The,6,2006,45,1,231517263-2
f177c48f-bf3e-4ef4-af79-97c3544ff967,Uptown Saturday Night,7,1995,38,0,868925474-9
9e35879f-5999-4d75-9803-e91ee039e745,Sergeant. The,8,2010,15,1,427085902-4
3e0665a4-e3e3-4176-b1cc-de4bbb0ae2e1,Science of Sleep. The (La science des rêves),9,2004,30,0,189814888-0
e79466c8-31bc-41d5-a37e-25b5b421abbd,Halloween 4: The Return of Michael Myers,10,1998,72,1,236444509-4
0133f5b4-af09-4af6-8fde-093335e2a027,Gozu (Gokudô kyôfu dai-gekijô: Gozu),11,1992,36,0,564040002-1
7c23702e-dec7-45a6-9d0d-2a395cb04378,Undercover Brother,12,2012,33,1,256536910-7
1d79c44f-39c8-4365-981a-63231b42a880,Son of Flubber,13,2005,55,0,748147115-0
2892c8fc-577c-4b87-9a5d-5219a3e47732,Green Berets. The,14,2000,18,1,854315507-X
49128022-7cf7-4456-a2c4-65fe5e251e82,Passion of Mind,0,1995,47,0,629058998-9
d7c5792c-063a-4ea3-bc1b-1a0c2ba066f0,Kiss Me Deadly,1,2011,95,1,368832808-6
bcbeb8e9-a0d4-4db0-883e-3f9d5e6f4d07,Repatriation,2,2011,25,0,419389383-9
d43e6548-a6b2-4454-a70e-89a116296417,Macon County Line,3,2012,45,1,360411768-2
176a9eb7-6ee3-476d-8d17-a6c1e60be467,Paddington,4,2012,18,0,077812425-8
b8968f08-ed0c-42b6-8cd5-ab09e4e56d85,Pentagon Wars. The,5,2004,77,1,074351787-3
e47b8f48-6e58-4ab2-a1a2-15a4232ba13b,Just Like Brothers (Comme des frères),6,1994,37,0,037548804-9
ea9a90e9-03bc-4815-9e92-1079a93f1746,Autumn Spring (Babí léto),7,1994,55,1,569961546-6
c7234cb7-5116-4a78-9da3-b5277e428545,Charm School (Niñas mal),8,2001,70,0,777851465-6
cc8db674-7b5a-40d1-8200-b81dbb07e57a,One for the Money,9,2004,26,1,178514599-1
45124dbc-ad26-4bc3-b1ad-38454f5a9aac,Sex Ed,10,2009,61,0,232891794-1
222c618a-7f4b-49cd-abac-7b9390c286aa,Lock. Stock & Two Smoking Barrels,11,1992,39,1,047878105-9
8fe438ad-209b-406f-be46-52a49a32ff0e,Fantastic Voyage,12,1992,47,0,379635252-9
58f51cc0-9faf-46ae-877d-377d1083aa83,Hamlet,13,2010,69,1,697972806-7
f475ca8c-34f7-461c-b272-3e56b0bcc931,Mortal Kombat,14,1989,53,0,701164596-9
1d2254de-ec2f-480a-b0eb-8fc7cedfed35,Ride Beyond Vengeance,0,1968,99,1,180826591-2
1f54c8f0-c860-4673-858b-9a26c55baedc,Journey of Natty Gann. The,1,2009,67,0,120651423-X
182e9c64-4bfa-4342-abd5-57dbf0c3537e,Barrier (Bariera),2,2011,76,1,907485161-4
77e077e1-4909-4237-94a6-ec0ccebf89c7,Happy We (Två killar och en tjej),3,1995,96,0,231083906-X
f635cac4-cd24-4d95-aa7a-efcc01c7835f,Voyage to Cythera (Taxidi sta Kythira),4,1986,28,1,867850297-5
abe19194-247d-47c3-b048-f6e703291b7e,Close Encounters of the Third Kind,5,2004,64,0,736358402-8
9e890873-3eff-4443-b5d8-e63355b6b065,Basketball Diaries. The,6,2004,23,1,151801112-8
4d7b481b-3434-4032-9bee-32f79e7271c8,Suzanne's Career (La carrière de Suzanne),7,2001,67,0,164287752-2
f4f86abf-78e2-4499-987c-1c8d43fd0ed7,No Time For Sergeants,8,1984,19,1,036796407-4
38f41f36-f40f-4b40-a37a-806da1970f30,Thank Your Lucky Stars,9,1996,1,0,141856029-4
11b3675a-3e40-4018-adbb-bfc57e229ed2,Mondays in the Sun (Lunes al sol. Los),10,2009,89,1,598410530-6
b39081ca-114f-43ce-97ca-d7c450345aee,Daughter of the Nile (Ni luo he nu er),11,1995,80,0,452584064-1
9c65bfe7-c253-4616-a16e-296f4cd8c911,Anaconda,12,2004,91,1,054494596-4
6b1e3512-c053-4ee0-a80f-02514e3129e3,Judgement Day,13,1990,37,0,361562843-8
1303cfd5-6e3a-44e6-85c3-0b2cb0c31790,Fifth Commandment. The,14,1997,48,1,510872697-X
169f311d-d121-4c10-a7d8-772a56a15927,Herbie: Fully Loaded,0,1987,79,0,910926642-9
ebfc1e4c-f4f9-464c-affa-1a27f5ec901e,Wonderful Crook. The (Pas si méchant que ça),1,1989,94,1,638338952-1
6d01bae0-dbda-4a26-8779-bef25f3aead0,Funny Games U.S.,2,2004,70,0,760737372-1
6c044bb9-8569-476e-925a-d164f7006267,Zhou Yu's Train (Zhou Yu de huo che),3,2006,20,1,798801295-9
f52678d5-3a99-4c91-af4f-4c67f2f8d7c1,Gods Must Be Crazy III. The (a.k.a. Crazy Safari) (Fei zhou he shang),4,2012,9,0,523716852-3
ccba83db-1cf5-4ff1-8919-3d4c06576040,The Lost Prince,5,1997,10,1,328907660-1
cff33d88-fcc3-4978-8b20-dcd99cc1b1c9,Mine Games,6,2011,77,0,510046661-8
8e9c5981-121b-4ca7-a3e9-17d68bb6d880,Suspended Animation,7,2006,43,1,111303772-5
5a40d06a-cace-4856-ab1a-e54b139da056,Traitor,8,1994,100,0,488877860-4
427d730d-d8e5-4642-ac7d-eda1e4d414b0,Warm Bodies,9,1999,93,1,313973297-X
b788a2bc-0446-4052-9465-709debc57c84,This World. Then the Fireworks,10,1999,82,0,610587979-2
ddc92b4f-b392-41f2-a530-b061e713eafc,Black Moon,11,1994,80,1,929741454-0
1020a13d-fa06-42ce-982e-27fc506dd1b5,Snitch Cartel. The (El cartel de los sapos),12,2005,99,0,934098541-9
2143ab27-13a5-4ba9-9896-ffa60c5df48a,City Lights,13,1996,47,1,315342817-4
9f7a2342-fa0b-417d-ad6c-54e47aae0d19,Grotesque,14,2003,36,0,466410953-9
f7ae4d98-be0e-4b0e-81e0-4df87469d252,Down to Earth,0,2002,44,1,436325379-7
421f87f2-cea9-41b8-9399-ac826109680c,Man on High Heels,1,2012,40,0,590815770-8
f8b2e169-b0b8-4a27-9e9b-3b97d14959f2,Blood Wedding (Bodas de sangre),2,2005,85,1,991600271-1
f894a279-23d5-4756-89dd-2b5853ff3771,Man of Iron (Czlowiek z Zelaza),3,1996,73,0,013537816-8
841e4c5e-11fc-4ac1-85eb-bfbb4833785c,New Leaf. A,4,1994,32,1,218714345-7
ccfb2633-d1bd-44ba-9704-427b5ea6ed31,Air Doll (Kûki ningyô),5,1995,37,0,931197593-1
ec808924-7747-4d33-9712-2019136e22eb,Lion in Winter. The,6,2001,31,1,453895162-5
87a7e4e8-0f0c-447c-8c94-c873b5ada7a9,Rudo y Cursi (Rough and Vulgar),7,2012,71,0,572505859-X
49e4bb29-9404-4e1b-ae2c-16e7ed24d2e2,N Word. The,8,1995,67,1,547236796-4
b005778e-a4be-48bc-a4d3-ae9410243a4c,White Nights,9,2010,98,0,122432153-7
46ff4722-d04f-4e7e-83ad-02728aa447ba,Guilty Hands,10,1999,16,1,028605067-6
d1d0f1a6-ca02-4921-ae47-ddbe40416647,Other Woman. The,11,1999,89,0,124768235-8
145e12c0-50f5-4316-ad62-2d2f87a01860,Rouge (Yin ji kau),12,1993,28,1,249029498-9
cc3c0270-639a-4b7f-81cf-61ec246fb5c9,Helen of Troy,13,2012,86,0,842072068-2
1f239296-5f81-49c2-9958-ef115f6316b3,Rigor Mortis (Geung si),14,2006,28,1,175551227-9
0c2471a0-5cae-4ec6-bc5d-2612fd7c7d90,Passionate Friends. The (a.k.a. One Woman's Story),0,2000,81,0,980379487-6
485441f0-3194-4e91-8cae-1c03d9af4938,Swell Season. The,1,2010,48,1,581601511-7
8c3ac1a1-a8f8-4f6e-83ed-b6d01dba3015,Pruitt-Igoe Myth. The,2,2003,51,0,184659943-1
72103dd6-a36e-46bb-8122-9ef0057cd52f,Birdcage Inn (Paran daemun),3,2006,54,1,014399790-4
a850003c-27c8-47c2-8896-1035b4432b0d,Method. The (Método. El),4,2000,6,0,858983468-9
46d2c65c-024a-475f-a2ff-4eaf605fd7c4,Ten. The,5,2000,44,1,114750110-6
74855039-e23c-42e5-8ef1-aabab72b55aa,Camarón: When Flamenco Became Legend,6,1996,83,0,857643949-2
c1e5b4eb-697f-4fc3-9231-68e235b7f15a,Life After Tomorrow,7,2004,15,1,350036898-0
02936ebc-4df7-4271-9478-fbbdcd537f9f,San Quentin,8,2002,16,0,846985187-X
62b8fc79-f3fe-4819-9a2f-5c62c2fef890,35 and Ticking,9,2006,31,1,458054116-2
7a0b748a-8669-4239-98f0-f5cbfae46035,Painted Skin,10,1997,73,0,363498640-9
d9fcad8f-90e4-4330-970a-b7dac30e920b,G.I. Joe: Operation Dragonfire,11,2010,74,1,532544560-X
fbc3bd8b-5c0e-440b-834d-093bd0fe9c9c,We're Back! A Dinosaur's Story,12,1990,60,0,516676087-5
a3fab001-180b-4a42-913b-6086d83da06b,Takeshis',13,1992,46,1,472738573-2
c6ddd7bd-e5e7-438a-bfea-ad8ee2fed1bc,Sgt. Pepper's Lonely Hearts Club Band,14,1986,86,0,382647371-X
8229afa3-7eea-4dbe-99ca-4cc0472a63e0,Enemies: A Love Story,0,2004,67,1,833942268-5
8d6abc9c-0342-47e7-b54d-2919659f9186,Presentation. or Charlotte and Her Steak (Présentation ou Charlotte et son steak),1,2002,46,0,187020466-2
6e3c5a3c-bd76-47df-a1bb-57b7027c91a3,Analyze That,2,1998,48,1,646163386-3
5960a483-796c-451e-8a53-578db919de59,Pulling Strings,3,2006,84,0,687421263-X
b461bbf4-40fa-4a06-8304-c24c5a4b764b,Two Can Play That Game,4,2001,25,1,272940025-7
709d7ea6-1d8d-48e8-97de-3e456b0c251a,Red Scorpion,5,1992,2,0,067799304-8
0e93e52e-f579-42d1-adfb-96d0845d9e61,All Over the Guy,6,2000,26,1,513134824-2
5d06b9f3-01f7-4915-9743-1163ba561841,Little Drummer Boy. The,7,1996,34,0,738682658-3
3e590d94-e108-4bcf-a9fc-a039ea68dfef,Canyons. The,8,2007,86,1,742850039-7
e316fc38-72e8-4764-96b6-fbfec7e893d7,What a Girl Wants,9,1994,12,0,611919050-3
05bd86ce-fb08-4318-8349-c8b101f85ea8,By the Light of the Silvery Moon,10,1998,81,1,838530500-9
aa62e995-b10b-4789-b621-703baf59232e,Return to Peyton Place,11,2010,34,0,810564028-7
05cd042b-5a2f-40dc-8cea-211857dd10a5,All About Lola (Ce que je sais de Lola) (Lo que sé de Lola),12,1989,23,1,856637173-9
f0edc3c3-1916-4dff-8b30-6ad977ca6c5b,Strangers When We Meet,13,2006,15,0,559830187-3
c5d0398c-ebea-4940-9a60-2aa7c09f23dd,Captain Ron,14,2004,22,1,507485673-6
13b3b7d0-e6a3-4270-ba14-d6031e39222d,Carmen,0,2000,98,0,342629683-7
29752707-0924-4f70-8e26-ebeafee1530a,Shag,1,2012,74,1,263986526-9
3e0f684a-86ad-4533-bd8d-deacaa61a34f,Smiley,2,1994,16,0,112453631-0
46131be1-1a44-40bb-be9f-7f616cafc56c,Dead Heat,3,1995,94,1,870555372-5
b07a8f41-0bbe-43d0-8ff5-5dca27b10a90,Boy Interrupted,4,2009,22,0,354605593-4
202fec7e-3397-4dac-8b47-ce608e1ccfde,Recoil,5,2009,38,1,294548532-X
07bdaeec-3a2f-4ac9-a8d3-458f10a9aab8,Saving Shiloh,6,1994,37,0,434881680-8
b9591666-73e4-4c1b-9ff3-be790bf12830,Broken Lullaby (a.k.a. The Man I Killed),7,2006,78,1,207828133-6
fb4cc097-3621-4f92-b3ad-aaa9e2840375,X-Men: The Last Stand,8,1979,100,0,450348073-1
41bed6c4-460c-46a1-8a6a-e7aeb9cef997,Search and Destroy,9,1995,68,1,958525602-9
aa5b9346-a38f-4e4b-9471-3e05b1134d11,51 Birch Street,10,1993,96,0,822043032-X
27bb507f-795f-4064-b442-3b0427b8b487,American Pie Presents: The Book of Love (American Pie 7: The Book of Love),11,2011,44,1,041118568-3
0ad77d8d-456a-49a9-8cca-2f2c5973eee0,Cutting Edge: The Magic of Movie Editing. The,12,2013,92,0,201244386-9
b80f460d-af38-4956-8f45-481a9c2cbeec,Roots,13,2003,96,1,668174386-2
82665894-2072-47e0-a67e-178f99b3dab9,London,14,2007,87,0,909984122-1
f17763ad-9dfb-4436-90b9-db2273f16e96,Dinner for Schmucks,0,2005,56,1,773120524-X
45a06d80-95fd-400c-82cf-ec9b5c3e540b,Window to Paris (Okno v Parizh),1,1996,29,0,043425673-0
411c4012-db10-4e9f-a39a-271854414dac,Le crocodile du Botswanga,2,1992,11,1,771986467-0
e657819c-78c1-49f9-b705-f038711f4cc5,Point Blank (À bout portant),3,2005,95,0,613638106-0
a9644120-1921-48ef-95f3-6390f7bcc910,Up in Smoke,4,2010,24,1,470188544-4
14162e6c-344d-45bc-a962-ca3fdfa2a140,Son of Batman,5,2004,92,0,000078504-0
06c196ca-4a1a-4d10-ab76-3e94433e4058,Outlaw. The (Lope),6,1995,19,1,712173187-8
4139362b-2a06-4fcc-852f-26262b124efb,French Cancan,7,2009,93,0,402497698-2
4babd9c3-9b43-457a-8560-43bea89c8340,Psycho II,8,1994,93,1,912369609-5
4f6c6fa3-0786-4775-8fa1-ad0de40e0c37,Joffrey: Mavericks of American Dance,9,2006,26,0,289531630-9
a062f27c-f03f-4051-bae5-77dfbace52b1,Where the Red Fern Grows,10,2005,15,1,761134238-X
c1f7d063-3681-45af-b07e-f4ebf076e550,Cloudy with a Chance of Meatballs 2,11,2008,24,0,638437056-5
8e6659dd-d91f-4904-957c-518b8ad8f8c6,Behind the Sun (Abril Despedaçado),12,2000,49,1,404830063-6
a8325bd3-a66f-4083-bfd0-defd2067f005,We're Not Dressing,13,1994,43,0,085413745-9
315046f5-a28b-454d-aeb9-15ecea0ed087,On Moonlight Bay,14,2004,2,1,192629485-8
69161cc7-32b0-4bce-906c-bd291f5f2c0a,Carrie,0,2012,25,0,615700917-9
2183d4c1-a1d3-474c-bf4b-d78c9cba45d1,Kevin Hart: Let Me Explain,1,2011,40,1,156254833-6
d1a082f7-3abf-4d22-8849-ee57b7dcab39,Kind Lady,2,2012,19,0,800100115-6
12434bdf-e163-4a51-b89e-04d57cad1a6a,Dracula Has Risen from the Grave,3,1991,47,1,461461475-2
3db98a3d-252a-4ef6-9e50-36998751c878,Mr. Jealousy,4,1970,8,0,809019460-5
db5de08e-2190-4779-8607-22f9a5d828fa,Open Your Eyes (Abre los ojos),5,1995,61,1,571194126-7
06016b2f-bbdd-4629-b988-c61608b70a61,Plaisir. Le,6,2008,15,0,766791762-0
adbe3021-d5e4-46ea-bd1e-590eeaf18927,Sun on the Horizon,7,2009,86,1,888313934-8
8a936d09-aafc-4e55-8ea1-0d27713defd8,Open Season,8,1997,62,0,465365926-5
e25c9eb4-5cd6-4e6f-9b76-11e160f95c9d,New Leaf. A,9,2010,50,1,801001383-8
005d39dc-c7f9-4fdd-abb9-2c6ae12874c6,Civil Brand,10,1987,95,0,310561398-6
9aa0aa1d-b61e-4253-ae58-2b077aaebe64,Miss Potter,11,2008,91,1,247994339-9
4f6549d2-e36a-49c4-9a21-a62951d84445,Change-Up. The,12,1999,7,0,817463022-8
f2508e98-dd3c-474f-98bf-17fa9744ec5e,Same Old Song (On connaît la chanson),13,1992,71,1,816868379-X
54941d72-f630-4cd3-8760-030dcae23c04,Alexandra's Project,14,1995,46,0,796755900-2
17664e36-0424-426f-a112-bbc30f3bef46,Project Moon Base,0,2004,9,1,552211191-7
c38cf1ba-3c11-4d3e-a42c-fb44449b7475,Turn of the Screw. The,1,2003,96,0,430886165-9
7e669fc2-35b1-46bc-ade7-202ac5e8fdd9,Black Girl (La noire de...),2,1990,4,1,788245536-9
60a2e930-3177-4b83-a555-0017d38cd4cf,The Diary of a Teenage Girl,3,2010,13,0,734731557-3
6cf18df6-5540-44db-9cbd-bb0f22a826ef,Stakeout,4,1996,38,1,090873273-2
52fc1caa-f04f-4db1-a606-3b62250ab881,Surviving Christmas,5,2005,71,0,902440328-6
fef091c3-2840-47b8-adf4-842df645a514,Tuvalu,6,2000,95,1,628543995-8
299f0026-9201-472a-a989-e0b1e263a9fe,Nick Carter. Master Detective,7,1994,32,0,526897100-X
5ea72f70-5b37-44ff-a674-d55b5ab5a0fd,Payment Deferred,8,2006,56,1,124370634-1
9e35f857-a3e2-41c2-86d6-e5743a6fc661,Don Is Dead. The,9,2001,66,0,462793401-7
ff9b117c-5336-4844-9db7-9588678240bd,Nazi Officer's Wife. The,10,2000,82,1,556973032-X
75d79c16-d8de-4843-923f-2d63cc745566,Utopia,11,2007,49,0,257511124-2
24b65650-6092-4c56-8a7b-b2a6362ca606,One Chance,12,2008,56,1,487840087-0
db6a42d4-8361-4fd8-82e3-ccf769d9632c,Once Upon a Time in Mexico,13,2009,13,0,116544000-8
74b5a96d-f775-45ed-9f41-1a71d4326e9f,Machete Kills (Machete 2),14,1990,31,1,800749127-9
1474043e-9db2-44b6-9619-8cc51c085d62,Destricted,0,1996,72,0,177218517-5
730462d1-cfb2-468d-a008-a057dd1188aa,Deal. The,1,2002,65,1,889703253-2
4114cb3f-9976-4145-936c-609799cd86c6,American Movie,2,1995,2,0,460770162-9
4e903f16-6d10-4807-8c9d-e1c90bfee622,Children Who Chase Lost Voices from Deep Below (Hoshi o ou kodomo) (Journey to Agartha),3,2010,35,1,535340792-X
91df0a8b-8544-407b-a509-5f2e92bb89e3,Robin and Marian,4,1997,69,0,227773554-X
cbfd4d4e-bc49-4116-8a03-c6c86ae6eacf,Blonde Ambition,5,1993,77,1,549986074-2
185f5b46-ced5-41db-bc9a-8a309d8ebd06,Naked Prey. The,6,1993,96,0,642916309-1
6a30ca29-2332-40a8-bb8f-9e314eac39b2,Teenage Mutant Ninja Turtles,7,2004,72,1,757405546-7
8e81a04a-40a3-426f-969a-e35f81737653,Jungle Man-Eaters,8,2010,64,0,383287879-3
c3171133-154b-4eb8-9869-b4468259c9b4,Pumpkin Eater. The,9,1988,74,1,176649538-9
7a768c47-f63c-429c-818a-08697dd41fc0,Hunk,10,1987,24,0,361182872-6
9dc2d075-451b-4233-96ec-35ebe05081ef,Madonna of the Seven Moons,11,2008,94,1,262802097-1
48232cfc-f0be-43af-b824-e45e47ed03fc,What If ...,12,2005,17,0,641019043-3
ce1ae567-7101-4d67-bb34-c18ca5437e7b,Parkland,13,2005,23,1,639947131-1
364c6561-4d1c-4bd4-8414-2c65d9ec48d6,Iron Man 2,14,2010,77,0,807403121-7
87d74207-3d61-47dd-926d-7c1e9fa7e2e8,President's Man. The,0,2012,65,1,030519447-X
e5ec7d00-3c78-48ba-b862-6e4f72ee80d1,Say It Isn't So,1,2001,92,0,665255721-5
3f8912dc-3e77-4992-998f-fa2433076f13,See What I'm Saying: The Deaf Entertainers Documentary,2,1997,40,1,712871580-0
9bf3ef2e-d02e-4aef-bf93-77ef47df8236,Taxi Driver,3,2001,23,0,094829843-X
caf5f1d3-ef25-4757-ba97-585e92d0c26e,Bekas,4,1996,85,1,047978133-8
02453b3e-1d51-4f41-b6df-7a678da90bfe,Friendly Persuasion,5,2007,67,0,187933870-X
e71ad76f-ce89-4937-a0c2-1ec3055b3786,Stage Fright,6,2001,76,1,339272776-8
2cf134c3-4da4-446b-83b0-009ed7380cb8,41,7,2003,13,0,893321237-X
ff2dfc22-b260-4a07-b367-c66ef56bf427,Death Rides a Horse (Da uomo a uomo),8,2011,96,1,325730765-9
7e22d526-9d25-4aaa-967c-814a0f9959d8,Potiche,9,2001,79,0,180495003-3
ed4c1f34-c2cb-4819-a86c-a148e9091ef1,Wartorn: 1861-2010,10,2009,11,1,828593803-4
18228689-1855-4423-88b3-64f937d84e1d,Revolver,11,1997,23,0,447966429-7
6881d1a7-6b46-4da1-9ed7-56cddaaf467a,American Werewolf in Paris. An,12,2000,7,1,556906963-1
80652c6d-7d7f-4ca8-92ef-cf25e09a07b1,Long Kiss Goodnight. The,13,2012,55,0,301301552-7
a63c1f24-cfb7-4adb-9142-b149a1dd622f,City of Women. The (Città delle donne. La),14,1993,9,1,801961150-9
1c3ea19e-6120-449b-80ad-e82f7525ffda,Stark Raving Mad,0,1989,53,0,189249265-2
207ac310-4367-4a21-b9c0-3417c9f8f6ee,Ju-on: The Curse 2,1,2006,98,1,567662070-6
601d3ce3-12f5-4126-bc92-a3f945d8b9fa,Rabbit Test,2,1983,71,0,339998460-X
704a0b58-e420-4772-af3c-2ea64f3cd00d,Mercury Rising,3,1971,78,1,958688726-X
f4d4e147-3f70-4591-8271-d44aae8700d3,Pontypool,4,2010,55,0,163441510-8
4343f8aa-5577-4208-b1d7-413eb427ba13,Let's Get Harry,5,1989,36,1,381992581-3
682a86aa-ee66-4d2c-925f-c1decae0ba79,Snow Angels,6,2006,16,0,283614005-4
d496c5ee-0415-4d11-9163-5362da48a78c,Bear with Me,7,2007,61,1,667358568-4
d6cfa3f6-8061-4828-a787-8c157fad5c11,Planet of Dinosaurs,8,1993,12,0,224843276-3
4f2b8235-5cf5-45e2-94d4-ddec7ec87d9c,La petite reine,9,1989,28,1,702243089-6
64149ac4-c502-4691-90e2-0e8de7243be2,Texas Chainsaw Massacre: The Beginning. The,10,2000,10,0,577033748-6
e4d89323-ce60-4445-94e4-4b91abf38f7b,Ted Bundy,11,1998,47,1,980295761-5
8edd81df-422d-419c-b6fb-c660e9d2ab65,Red Beret. The,12,2012,6,0,927735748-7
e03ea270-36f6-4590-a1f7-417b306f307e,Tammy and the Bachelor,13,2005,97,1,480572671-7
aeac8e4a-8870-4744-bb9a-0cbd95bdeea2,Street Thief,14,2002,28,0,570658461-3
ccd60f7d-6bd8-472c-a657-a7a543cda0a9,World Without End,0,2002,80,1,758694375-3
b58d62d7-6bad-4366-b6b9-f1c479241aa9,Baby. the Rain Must Fall,1,1997,48,0,038261635-9
d02f0a8b-b309-44bc-b42b-bb8b3a3ca9bf,Savage Grace,2,2012,74,1,948728718-3
04ee5d9d-f5f2-4a81-99f4-692d4ff7df30,Boy. Did I Get a Wrong Number!,3,1987,46,0,686260007-9
971dfac2-becd-478e-8981-16446d79152d,Fuck You. Goethe (Fack Ju Göhte),4,1985,70,1,760261301-5
e3e54b58-765a-4328-b9fe-7453f40bde4a,Head On,5,1995,8,0,327214942-2
486275f3-bb34-44ec-a5a5-4bd27ccf35f6,Sun Wind (Aurinkotuuli),6,1994,51,1,492108322-3
c1102edf-c8d6-447b-9982-0a321f882ce8,This American Journey,7,1985,15,0,921606505-2
981f86bd-c775-49fc-958d-fd0d910c02fe,Home Before Dark,8,2003,65,1,944797055-9
98bf76fc-bf82-4a29-8f96-782eacc84ff1,Look. Up in the Sky! The Amazing Story of Superman,9,1996,6,0,288875218-2
94506ed9-6e90-491b-94e3-891c6e0965c9,Michael,10,1997,84,1,909947497-0
27d5f3fd-0c54-4fb7-a674-8affa6ebc724,Deadline (Sprängaren),11,1998,1,0,004865469-8
34d12da4-20d6-40a5-bd08-44d072908ff9,Little Murders,12,2006,5,1,417045338-7
d002219a-aab9-457d-841d-f0ebe0f2bf08,Secret Beyond the Door,13,1992,84,0,950289853-2
9fc00830-d4c0-497e-b33c-086679fc6d1e,Algiers,14,1997,31,1,632868201-8
3f9b8ec0-3d8f-4bb0-9575-36ce1f619f23,Hocus Pocus,0,2011,44,0,196421575-7
a734b0dc-cacf-44c5-b492-132bcc6ad0ef,This Thing With Sarah,1,2005,91,1,098294916-2
fb4ede79-2f27-423e-bb52-e5123e69f758,Turning. The,2,2004,100,0,720187729-1
d4a25134-ff1a-4c0f-b00a-c5e26fdd527f,Something Ventured,3,1999,94,1,728323093-9
7d50adc3-22f7-4bb2-96e9-81bbcd84fd83,Paris Trout,4,1999,39,0,743939457-7
ce32a641-7f87-418b-b74f-b2a396b5ac55,Goldene Zeiten,5,1998,14,1,148680121-8
3df3c7ca-6127-45a2-a872-e4b2b09eecbc,King of Jazz,6,1997,53,0,752428500-0
f9021ec2-3b15-4717-96ac-7703d97406fd,Fugitive Kind. The,7,2004,5,1,238232225-X
5165b1c9-760d-451a-b42f-07a75661a974,Farewell to the King,8,2009,22,0,298768146-1
6eec0b9c-cd39-49fd-9396-2ea76c1a25e3,Mummy. The,9,1992,78,1,091056216-4
24ea8d32-e255-4efd-8ebd-cc481394cf05,Castle Keep,10,1987,46,0,150390666-3
51793b75-3146-4df4-b321-95a7f6f64d5e,Mark Shoots First,11,2005,22,1,751464420-2
9f9f9710-c90b-4001-9a7d-aee3c7dc39c1,Global Metal,12,1992,95,0,592540034-8
cb0ba315-eace-472e-a0f5-af04095eef89,Hellsinki (Rööperi),13,2004,62,1,811651998-0
e61dfbf2-648d-44c1-99db-18c507cafc44,Long Walk Home. The,14,1999,12,0,206237926-9
d03dd4f7-7b18-49ec-95be-611c59b75eaa,Such Is Life (Así es la vida...),0,2001,78,1,049396704-4
c8d5576a-8e88-444a-9e8c-a93a9505e45b,G.I. Joe: Operation Dragonfire,1,2010,49,0,215266294-6
f4833dae-74bb-4d59-b344-a0c8e6039670,Chelsea on the Rocks,2,2010,55,1,880396054-6
c3fd924d-6327-4ace-b4e7-01b6ad6bc56c,Rocketeer. The,3,2009,26,0,332073897-6
bb884438-3581-4ba0-b901-51b47a7a3684,Attenberg,4,2004,53,1,178527703-0
2e1016f9-a383-4245-afb0-65b3aed699a7,Pontiac Moon,5,1989,18,0,147661192-0
f2e733de-a39c-4815-a8bd-b391877aed4e,Employees' Entrance,6,2003,20,1,051456800-3
f6efb1e6-5bbe-4121-b87f-3035409c81a9,Agony (a.k.a. Rasputin) (Agoniya),7,2002,63,0,837997841-2
6365c638-9d71-498f-84ed-4ffaf2849d72,Bereavement,8,2006,44,1,512428150-2
af00565d-d57c-48ea-b12d-1c81e96396b0,Hells Angels on Wheels,9,2011,72,0,306865943-4
67713314-29c0-4dc9-a6a7-f10411e760b5,50 Children: The Rescue Mission of Mr. And Mrs. Kraus,10,2002,57,1,450412298-7
d67532d9-e190-40d9-9467-48347492d3e1,Zero Tolerance (Noll tolerans),11,1997,72,0,854166766-9
8ff86aaf-18b9-44c7-a2e5-6f1846876e48,Greyfriars Bobby (a.k.a. Greyfriars Bobby: The True Story of a Dog),12,2003,38,1,773492900-1
47c4d01e-5761-4290-8e9c-64700833fdab,Living with the Fosters,13,2011,11,0,153931191-0
846e7dea-1aae-49e7-b04c-33842ec0f4f1,Child Bride,14,2004,63,1,546686000-X
90744394-fe99-4ec7-af77-6104ca40639e,Voodoo Tiger,0,1987,71,0,186584630-9
a141a76b-5d9f-4561-9916-22da6f212899,Akira,1,2003,93,1,921349451-3
7bc6e961-c011-4b61-baac-98cdbf37cf73,Another 48 Hrs.,2,2005,56,0,995119552-0
1412462a-4e7f-4169-b618-e61778eb5fac,Requiem for a Dream,3,2011,1,1,718480400-7
2925ca76-fbaf-4fa5-996b-66bcd015f738,Mr. Conservative: Goldwater on Goldwater,4,1989,71,0,757990250-8
8b1e9bb5-4d92-4132-89d7-0068c2733d46,Hammer. The,5,2012,26,1,233570030-8
3edf0e07-19e9-4882-891e-63fae5681223,Man in the Iron Mask. The,6,1986,77,0,105233786-4
781ca1ad-1444-4b14-ba6e-9595d7c60d85,Ménage (Tenue de soirée),7,1998,40,1,400128478-2
176dde9f-dda4-4ab3-9227-0b229d473620,Galician Caress (Of Clay),8,1992,16,0,052816009-5
35e7a699-0076-49e2-8016-da5e03617d68,Hard. Fast and Beautiful,9,2006,68,1,642231743-3
0b534599-a0dc-4ce2-82fd-f4aac0e6cb06,Beach Blanket Bingo,10,1994,3,0,156499078-8
f7eefbcc-91dd-4b6f-875c-208ec0c415e3,Panic in Year Zero!,11,1999,64,1,216588655-4
3084d9c0-58a4-430e-af68-0d033352f86f,Inkheart,12,2007,19,0,719450396-4
384d64cd-5de9-4878-8bcc-90b073d2c9da,StreetDance 3D,13,2004,53,1,682362698-4
3c06f6d1-95f7-4326-9253-94beb2f3d77b,Seagull's Laughter. The (Mávahlátur),14,1995,96,0,592878006-0
aa44ce8b-4e6e-4c23-a5c1-1471661e1370,Psycho Beach Party,0,2002,12,1,740704011-7
87150a28-be3a-4517-adb3-e1d511b0be53,I'm Starting From Three (Ricomincio da Tre),1,1999,77,0,541866436-0
d86cc588-9a26-4197-9e83-c9b1e3c53929,Alone in the Dark,2,1997,87,1,873675686-5
c05701dc-ab9b-4337-a4f8-501eeac7bec1,Bukowski: Born into This,3,2009,43,0,372586035-1
b38e13c0-eaa8-4525-ba35-63428a114c28,28 Days,4,1991,89,1,067718579-0
39248f1f-8e96-4fe2-88e6-4fb16fd33816,Narrow Margin. The,5,2009,98,0,100305524-9
f7cf360e-b861-4d86-882d-f98b4629e547,Frequencies,6,1996,1,1,660298487-X
3ed87488-7c93-4dbe-8933-3d39d18a91dc,Buddy Holly Story. The,7,2005,22,0,099539348-6
4af726e2-3aeb-4091-95e2-bf6355b9494e,Putney Swope,8,1988,98,1,102300186-1
515bcf9e-e3c2-4765-9cb1-0ea58a8a0144,Cool School. The,9,2004,6,0,223062722-8
333f945e-7a90-4267-9e26-d21b0b1541e8,A Girl Walks Home Alone at Night,10,1997,44,1,861180685-9
5acc936e-c69a-4497-b3b6-62a4a5b1020f,Baraka,11,2009,53,0,468501000-0
b36c0cb0-60d0-46a7-86da-7e3160202519,Ladybug Ladybug ,12,1997,54,1,707616190-7
84ff9062-60ed-4712-9e81-7f39d0d90914,Quickie. The,13,1985,5,0,587348243-8
4f3294cf-87a6-462a-bf45-f3c40d7addcc,Bubba Ho-tep,14,2005,8,1,374685074-6
9d6c69b4-506c-4f93-b8c2-07fee26db97a,Thor: Tales of Asgard,0,1991,55,0,090550624-3
9cb5ccdc-607d-49ed-af81-af5f5c4f3fdc,Promises,1,1996,38,1,753763499-8
b29cef2c-c377-4194-89d3-9b26d09e6418,Coward. The (Kapurush),2,2000,37,0,127626080-6
d7c281d4-0f2e-432a-ace3-c8273ea34aba,Date and Switch,3,2011,53,1,071070726-6
108fd7db-cbea-49df-aebc-130469936773,Swing Vote,4,2002,5,0,145390328-3
0c93dc7c-2424-4099-a6c8-40f4c5a70b30,Bells. The,5,1997,82,1,730294215-3
c95b49f2-ac24-4196-94b6-9f18a9e2d436,Will Success Spoil Rock Hunter?,6,2006,98,0,339216826-2
fc5ea883-7b4e-4436-a39c-369a40c86d4a,Dirty Filthy Love,7,2006,100,1,914001928-4
f510e4ae-26c5-4a3c-a460-323b86e9172f,Beau Serge. Le,8,1993,100,0,179964905-9
dc370814-a550-416f-b44c-d5c2cfeae529,Ismael,9,2004,92,1,134646898-2
33a3537a-ffbe-4c40-a8a3-d3d470e14b6c,Gainsbourg (Vie Héroïque),10,2008,86,0,128266581-2
0e54e324-3e5f-4e6c-8c2d-ceb25bfdc6bf,Escape to Athena,11,2003,30,1,553731505-X
5f3f4d2f-d815-435f-8dc0-7a210d578c24,Blue Collar Comedy Tour: The Movie,12,2009,5,0,609284096-0
06f0e7b9-4d0f-43c9-9bec-c88c93a77abb,Rocker,13,2012,52,1,853662662-3
5d14896e-0e97-42df-91e1-feb6934061c3,Player. The,14,2007,68,0,338204175-8
c5d89533-b702-4420-8c4b-55916b70e27e,Super Mario Bros.,0,2006,49,1,449225417-X
e3753375-2b84-46f9-a7ee-c6bde4b289fa,Henry & June,1,2009,66,0,951793669-9
5b766194-a24b-4595-b561-c23a8fc7508d,Hijacking Catastrophe: 9/11. Fear & the Selling of American Empire,2,2008,46,1,047521619-9
79486d75-f890-40b2-98bb-f6b5c0b8b59d,Aftermath: Population Zero,3,2012,52,0,756759054-9
a36a7aed-4097-46bd-8011-2c8933922946,Shadow People,4,2011,84,1,262020712-6
b37a9147-0062-476e-a8fb-7379f5b57872,Belly of the Beast,5,2012,87,0,358908477-4
09176063-7f52-4ce3-945d-b5309218c95a,Ultimate Warrior. The,6,2008,41,1,248108676-7
392dbc42-e48c-4a88-82af-9e3ee2f77cf0,Quarantine 2: Terminal,7,1993,65,0,556132044-0
72ff7892-4770-43a0-ae83-06bcb94eecda,Eddie Murphy Delirious,8,1987,79,1,081106938-9
5751bfd3-b4cc-4bbb-b314-0608cb6fad96,Fugitives (Fugitivas),9,1996,69,0,004179070-7
51320f1c-3655-4c8f-9480-347856ffb7c1,Vampire Bat. The,10,1997,2,1,061648713-4
873e2828-3036-4770-9681-300ba7af91fa,Room 666 (Chambre 666),11,2006,66,0,568150415-8
da56d9b0-8026-412e-9321-337c7c74f16c,Auntie from Chicago. The (I theia apo to Chicago),12,2006,32,1,863492663-X
9bc6b56e-255d-487c-a68e-f5ac8692dc15,Good Dick,13,2011,13,0,086793285-6
18e6a454-ac64-49cc-b112-d052fcc373ea,Isolation,14,2009,53,1,059969689-3
d3370780-ee8d-4740-8c4b-1736dbfc2e1e,The Emperor of California,0,1999,2,0,995788709-2
dfecae39-fd44-4057-80cb-6a528ebe6a1b,Dolemite,1,1999,77,1,252846268-9
51a1c15d-36b9-457e-a8e7-f3d0804c8960,Escape from New York,2,1987,75,0,176104103-7
9f469277-b4e7-4d5b-94bb-d63c632995fa,Pine Flat,3,2008,89,1,614169587-6
a2c877c1-4a92-4e4d-a050-c7090c5a6fd5,Slipper and the Rose. The,4,1985,87,0,237438473-X
e4fcb02c-8bdf-4b5a-8a3b-ae147bb3310f,Foreign Affair. A,5,1989,2,1,602597488-8
89d59a29-3672-44be-be68-6af170edadf1,Anything Else,6,2006,80,0,928772639-6
dec97035-c62d-4be6-80b8-a9d815b35899,My Way Home (Így jöttem) ,7,2002,37,1,388354085-4
311a8813-5122-45a7-8cc7-4692baba0886,Camp Rock 2: The Final Jam,8,1995,77,0,764624778-2
7c2517da-c26c-4a26-a07d-d0e844e90251,Beyond the Gates of Splendor,9,2000,72,1,047497638-6
5d773525-966f-4a06-b079-f4ad420db2c5,Planet of Dinosaurs,10,1991,16,0,230434627-8
